ID,Category,English,Medical term,Filipino (draft),Match phrases (draft; separated by semicolons),Draft setups (resources to get ready),REVIEW: Status (Approved / Needs change / Remove / Unsure),REVIEW: Corrected Filipino,REVIEW: Corrected or added phrases,REVIEW: Corrected setups,REVIEW: Comments
abdomen,anatomy,Abdomen,Abdomen,Tiyan,tiyan; abdomen; belly,,,,,,
achilles-tendon,anatomy,Achilles tendon,Achilles tendon,Litid ng sakong,achilles tendon; achilles,,,,,,
amniotic-fluid,anatomy,Amniotic fluid,Amniotic fluid,Panubigan,panubigan; amniotic fluid,,,,,,
ankle,anatomy,Ankle,Ankle,Bukung-bukong,bukung-bukong; bukong-bukong; ankle,,,,,,
anus,anatomy,Anus,Anus,Puwet,puwet; anus,,,,,,
aorta,anatomy,Aorta,Aorta,Aorta,aorta,,,,,,
appendix,anatomy,Appendix,Appendix,Apendiks,apendiks; appendix,,,,,,
arm,anatomy,Arm,Arm,Braso,braso; arm,,,,,,
armpit,anatomy,Armpit,Axilla,Kili-kili,kili-kili; kilikili; armpit,,,,,,
artery,anatomy,Artery,Artery,Arterya,arterya; artery,,,,,,
back,anatomy,Back,Back,Likod,likod,,,,,,
bicep,anatomy,Bicep,Biceps,Bisep,biceps; bicep,,,,,,
big-toe,anatomy,Big toe,Hallux,Hinlalaki ng paa,hinlalaki ng paa; big toe,,,,,,
bladder,anatomy,Bladder,Urinary bladder,Pantog,pantog; bladder,,,,,,
blood,anatomy,Blood,Blood,Dugo,dugo; blood,,,,,,
bone,anatomy,Bone,Bone,Buto,buto; bone; bones,,,,,,
bone-marrow,anatomy,Bone marrow,Bone marrow,Utak ng buto,bone marrow,,,,,,
brain,anatomy,Brain,Brain,Utak,utak; brain,,,,,,
breast,anatomy,Breast,Breast,Suso,suso; breast,,,,,,
breastbone,anatomy,Breastbone,Sternum,Buto sa gitna ng dibdib,breastbone; sternum,,,,,,
buttocks,anatomy,Buttocks,Buttocks,Puwitan,puwitan; buttocks,,,,,,
calf,anatomy,Calf,Calf,Pigi ng binti,pigi ng binti; calf,,,,,,
carotid-artery,anatomy,Carotid artery,Carotid artery,Arterya sa leeg,carotid; carotid artery,,,,,,
cervix,anatomy,Cervix,Cervix,Cervix,cervix,,,,,,
cheek,anatomy,Cheek,Cheek,Pisngi,pisngi; cheek,,,,,,
cheekbone,anatomy,Cheekbone,Zygomatic bone,Buto ng pisngi,cheekbone,,,,,,
chest,anatomy,Chest,Thorax,Dibdib,dibdib; chest,,,,,,
chin,anatomy,Chin,Chin,Baba,baba; chin,,,,,,
collarbone,anatomy,Collarbone,Clavicle,Balagat,balagat; collarbone; clavicle,,,,,,
cornea,anatomy,Cornea,Cornea,Kornea,kornea; cornea,,,,,,
diaphragm,anatomy,Diaphragm,Diaphragm,Diaphragm,diaphragm,,,,,,
ear,anatomy,Ear,Ear,Tainga,tainga; ear; ears,,,,,,
eardrum-canal,anatomy,Eardrum canal,Ear canal,Butas ng tainga,butas ng tainga; ear canal,,,,,,
elbow,anatomy,Elbow,Elbow,Siko,siko; elbow,,,,,,
esophagus,anatomy,Esophagus,Esophagus,Esopago,esopago; esophagus,,,,,,
eye,anatomy,Eye,Eye,Mata,mata; eye; eyes,,,,,,
eye-socket,anatomy,Eye socket,Orbit,Hukay ng mata,eye socket,,,,,,
eyeball,anatomy,Eyeball,Eyeball,Bola ng mata,bola ng mata; eyeball,,,,,,
eyebrow,anatomy,Eyebrow,Eyebrow,Kilay,kilay; eyebrow,,,,,,
eyelashes,anatomy,Eyelashes,Eyelashes,Pilikmata,pilikmata; eyelashes,,,,,,
eyelid,anatomy,Eyelid,Eyelid,Talukap ng mata,talukap ng mata; eyelid,,,,,,
face,anatomy,Face,Face,Mukha,mukha; face,,,,,,
femur,anatomy,Femur,Femur,Buto ng hita,femur; thigh bone,,,,,,
finger,anatomy,Finger,Finger,Daliri,daliri; finger; fingers,,,,,,
fingernail,anatomy,Fingernail,Nail,Kuko,kuko; nail; fingernail,,,,,,
fingertip,anatomy,Fingertip,Fingertip,Dulo ng daliri,dulo ng daliri; fingertip,,,,,,
flank,anatomy,Flank,Flank,Tagiliran,tagiliran; flank,,,,,,
fontanelle,anatomy,Fontanelle,Fontanelle,Bunbunan,bunbunan; fontanelle,,,,,,
foot,anatomy,Foot,Foot,Paa,paa; foot; feet,,,,,,
forearm,anatomy,Forearm,Forearm,Bisig,bisig; forearm,,,,,,
forehead,anatomy,Forehead,Forehead,Noo,noo; forehead,,,,,,
gallbladder,anatomy,Gallbladder,Gallbladder,Apdo,apdo; gallbladder,,,,,,
genitals,anatomy,Genitals,Genitalia,Ari,genitals; private parts; ari,,,,,,
groin,anatomy,Groin,Groin,Singit,singit; groin,,,,,,
gums,anatomy,Gums,Gingiva,Gilagid,gilagid; gums,,,,,,
hair,anatomy,Hair,Hair,Buhok,buhok; hair,,,,,,
hamstring,anatomy,Hamstring,Hamstring,Likod ng hita,hamstring,,,,,,
hand,anatomy,Hand,Hand,Kamay,kamay; hand; hands,,,,,,
head,anatomy,Head,Cranium,Ulo,ulo; head,,,,,,
heart,anatomy,Heart,Heart,Puso,puso; heart,,,,,,
heel,anatomy,Heel,Heel,Sakong,sakong; heel,,,,,,
hip,anatomy,Hip,Hip,Balakang,hip; hips,,,,,,
hip-joint,anatomy,Hip joint,Hip joint,Kasukasuan ng balakang,hip joint,,,,,,
humerus,anatomy,Humerus,Humerus,Buto ng braso,humerus; arm bone,,,,,,
index-finger,anatomy,Index finger,Index finger,Hintuturo,hintuturo; index finger,,,,,,
instep,anatomy,Instep,Instep,Ibabaw ng paa,instep,,,,,,
intestines,anatomy,Intestines,Intestines,Bituka,bituka; intestines; bowel,,,,,,
jaw,anatomy,Jaw,Mandible,Panga,panga; jaw,,,,,,
joint,anatomy,Joint,Joint,Kasukasuan,kasukasuan; joint; joints,,,,,,
jugular-vein,anatomy,Jugular vein,Jugular vein,Ugat sa leeg,jugular; jugular vein,,,,,,
kidney,anatomy,Kidney,Kidney,Bato,kidney; kidneys,,,,,,
knee,anatomy,Knee,Knee,Tuhod,tuhod; knee,,,,,,
kneecap,anatomy,Kneecap,Patella,Kneecap,kneecap; patella,,,,,,
knuckle,anatomy,Knuckle,Knuckle,Buko ng daliri,buko ng daliri; knuckle,,,,,,
leg,anatomy,Leg,Leg,Binti,binti; leg; legs,,,,,,
ligament,anatomy,Ligament,Ligament,Ligament,ligament,,,,,,
limb,anatomy,Limb,Limb,Paa o kamay,limb; limbs; extremities,,,,,,
lip,anatomy,Lip,Lip,Labi,labi; lip; lips,,,,,,
liver,anatomy,Liver,Liver,Atay,atay; liver,,,,,,
lower-back,anatomy,Lower back,Lumbar region,Ibabang likod,ibabang likod; lower back,,,,,,
lung,anatomy,Lung,Lung,Baga,baga; lung; lungs,,,,,,
lymph-node,anatomy,Lymph node,Lymph node,Glandula,lymph node; lymph nodes,,,,,,
midriff,anatomy,Midriff,Epigastrium,Boca ng tiyan,upper abdomen; boca ng tiyan; epigastric,,,,,,
mouth,anatomy,Mouth,Mouth,Bibig,bibig; mouth,,,,,,
mouth-roof,anatomy,Mouth roof,Palate,Ngala-ngala,ngala-ngala; palate,,,,,,
mucus,anatomy,Mucus,Mucus,Sipon,sipon; mucus,,,,,,
muscle,anatomy,Muscle,Muscle,Kalamnan,kalamnan; muscle,,,,,,
nape,anatomy,Nape,Nape of neck,Batok,batok; nape,,,,,,
nasal-bridge,anatomy,Nasal bridge,Nasal bridge,Tulay ng ilong,tulay ng ilong; nasal bridge,,,,,,
navel,anatomy,Navel,Umbilicus,Pusod,pusod; navel; belly button,,,,,,
neck,anatomy,Neck,Neck,Leeg,leeg; neck,,,,,,
nerve,anatomy,Nerve,Nerve,Nerbyo,nerbyo; nerve,,,,,,
nose,anatomy,Nose,Nose,Ilong,ilong; nose,,,,,,
nostril,anatomy,Nostril,Nostril,Butas ng ilong,butas ng ilong; nostril,,,,,,
palm,anatomy,Palm,Palm,Palad,palad; palm,,,,,,
palm-of-hand,anatomy,Palm of hand,Palmar surface,Palad ng kamay,palm of hand,,,,,,
pancreas,anatomy,Pancreas,Pancreas,Pancreas,pancreas,,,,,,
pelvis,anatomy,Pelvis,Pelvis,Balakang,balakang; pelvis,,,,,,
penis,anatomy,Penis,Penis,Titi,penis,,,,,,
phlegm,anatomy,Phlegm,Sputum,Plema,plema; phlegm; sputum,,,,,,
pinky,anatomy,Pinky,Little finger,Hinliliit,hinliliit; pinky; little finger,,,,,,
placenta,anatomy,Placenta,Placenta,Inunan,inunan; placenta,,,,,,
prostate,anatomy,Prostate,Prostate,Prostate,prostate,,,,,,
pupil,anatomy,Pupil,Pupil,Balintataw,balintataw; pupil; pupils,,,,,,
pus,anatomy,Pus,Pus,Nana,nana; pus,,,,,,
radius,anatomy,Radius,Radius,Buto ng bisig,radius; forearm bone,,,,,,
rib,anatomy,Rib,Rib,Tadyang,tadyang; rib; ribs,,,,,,
ribcage,anatomy,Ribcage,Thoracic cage,Kulungan ng tadyang,ribcage; rib cage,,,,,,
saliva,anatomy,Saliva,Saliva,Laway,laway; saliva,,,,,,
scalp,anatomy,Scalp,Scalp,Anit ng ulo,anit ng ulo; scalp,,,,,,
shin,anatomy,Shin,Shin,Espinilya,espinilya; shin,,,,,,
shoulder,anatomy,Shoulder,Shoulder,Balikat,balikat; shoulder,,,,,,
shoulder-blade,anatomy,Shoulder blade,Scapula,Pakpak ng balikat,shoulder blade; scapula,,,,,,
sinus,anatomy,Sinus,Sinus,Sinus,sinus,,,,,,
skin,anatomy,Skin,Skin,Balat,balat; skin,,,,,,
skull,anatomy,Skull,Skull,Bungo,bungo; skull,,,,,,
sole-of-foot,anatomy,Sole of foot,Sole,Talampakan,talampakan; sole of foot,,,,,,
spine,anatomy,Spine,Spine,Gulugod,gulugod; spine; backbone,,,,,,
spleen,anatomy,Spleen,Spleen,Bazo,bazo; spleen,,,,,,
stomach,anatomy,Stomach,Stomach,Sikmura,sikmura; stomach,,,,,,
stool,anatomy,Stool,Stool,Dumi,dumi; stool; feces,,,,,,
sweat,anatomy,Sweat,Sweat,Pawis,pawis; sweat; sweating,,,,,,
tailbone,anatomy,Tailbone,Coccyx,Tailbone,tailbone; coccyx,,,,,,
tears,anatomy,Tears,Tears,Luha,luha; tears,,,,,,
temple,anatomy,Temple,Temple,Sentido,sentido; temple,,,,,,
tendon,anatomy,Tendon,Tendon,Litid,litid; tendon,,,,,,
testicles,anatomy,Testicles,Testes,Bayag,bayag; testicles; testis,,,,,,
thigh,anatomy,Thigh,Thigh,Hita,hita; thigh,,,,,,
throat,anatomy,Throat,Pharynx,Lalamunan,lalamunan; throat,,,,,,
thumb,anatomy,Thumb,Thumb,Hinlalaki,hinlalaki; thumb,,,,,,
thyroid,anatomy,Thyroid,Thyroid,Thyroid,thyroid,,,,,,
tibia,anatomy,Tibia,Tibia,Buto ng binti,tibia; shin bone,,,,,,
toe,anatomy,Toe,Toe,Daliri ng paa,daliri ng paa; toe; toes,,,,,,
tongue,anatomy,Tongue,Tongue,Dila,dila; tongue,,,,,,
tonsils,anatomy,Tonsils,Tonsils,Tonsil,tonsil; tonsils,,,,,,
tooth,anatomy,Tooth,Tooth,Ngipin,ngipin; tooth; teeth,,,,,,
torso,anatomy,Torso,Torso,Katawan,katawan; torso; body,,,,,,
umbilical-cord,anatomy,Umbilical cord,Umbilical cord,Pusod ng sanggol,umbilical cord,,,,,,
upper-arm,anatomy,Upper arm,Upper arm,Itaas na braso,itaas na braso; upper arm,,,,,,
upper-back,anatomy,Upper back,Upper back,Itaas na likod,itaas na likod; upper back,,,,,,
ureter,anatomy,Ureter,Ureter,Ureter,ureter,,,,,,
urethra,anatomy,Urethra,Urethra,Urethra,urethra,,,,,,
urine,anatomy,Urine,Urine,Ihi,ihi; urine,,,,,,
uterus,anatomy,Uterus,Uterus,Matris,matris; uterus; womb,,,,,,
vagina,anatomy,Vagina,Vagina,Puki,vagina,,,,,,
vein,anatomy,Vein,Vein,Ugat,ugat; vein,,,,,,
vomit,anatomy,Vomit,Vomitus,Suka,suka; vomit,,,,,,
whole-body,anatomy,Whole body,Whole body,Buong katawan,buong katawan; whole body,,,,,,
windpipe,anatomy,Windpipe,Trachea,Daluyan ng hangin,windpipe; trachea,,,,,,
wisdom-tooth,anatomy,Wisdom tooth,Third molar,Bagang,bagang; wisdom tooth,,,,,,
wrist,anatomy,Wrist,Wrist,Pulso,pulso; wrist,,,,,,
abscess,condition,Abscess,Abscess,Bukol na may nana,abscess; bukol na may nana,,,,,,
acne,condition,Acne,Acne,Tagihawat,tagihawat; acne; pimples; pimple,,,,,,
acute-respiratory-distress,condition,Acute respiratory distress,Acute respiratory distress syndrome,ARDS,ards; respiratory distress,Resus bay; Oxygen / airway,,,,,
addiction,condition,Addiction,Addiction,Adik,adik; addicted; addiction,,,,,,
adhd,condition,ADHD,Attention deficit hyperactivity disorder,ADHD,adhd,,,,,,
adrenal-insufficiency,condition,Adrenal insufficiency,Adrenal insufficiency,Adrenal insufficiency,adrenal insufficiency; addison,,,,,,
airway-obstruction,condition,Airway obstruction,Airway obstruction,Barado ang daanan ng hangin,airway obstruction; barado ang daanan ng hangin,Oxygen / airway,,,,,
alcohol-intoxication,condition,Alcohol intoxication,Alcohol intoxication,Lasing na lasing,lasing na lasing; alcohol intoxication,,,,,,
alcohol-withdrawal,condition,Alcohol withdrawal,Alcohol withdrawal,Alcohol withdrawal,alcohol withdrawal,Neuro obs,,,,,
allergic-rhinitis,condition,Allergic rhinitis,Allergic rhinitis,Allergic rhinitis,allergic rhinitis; hay fever,,,,,,
altitude-sickness,condition,Altitude sickness,Altitude sickness,Altitude sickness,altitude sickness,,,,,,
alzheimer-s-disease,condition,Alzheimer's disease,Alzheimer's disease,Alzheimer's,alzheimer; alzheimers,,,,,,
amoebiasis,condition,Amoebiasis,Amoebiasis,Amoebiasis,amoebiasis; amoeba; amebiasis,,,,,,
amputee,condition,Amputee,Amputee,Putol ang paa,amputee; putol ang paa,,,,,,
anaphylactic-shock,condition,Anaphylactic shock,Anaphylactic shock,Anaphylactic shock,anaphylactic shock,Resus bay; Oxygen / airway,,,,,
anemia,condition,Anemia,Anemia,Anemia,anemia; anemic; kulang sa dugo,,,,,,
aneurysm,condition,Aneurysm,Aneurysm,Aneurysm,aneurysm,,,,,,
angina,condition,Angina,Angina,Angina,angina,ECG / cardiology; Cardiac monitor,,,,,
anxiety-disorder,condition,Anxiety disorder,Anxiety disorder,Anxiety,anxiety disorder,,,,,,
aortic-dissection,condition,Aortic dissection,Aortic dissection,Aortic dissection,aortic dissection,Resus bay; Cardiac monitor; Surgical team,,,,,
appendicitis,condition,Appendicitis,Appendicitis,Apendisitis,apendisitis; appendicitis; inflamed appendix,Surgical team,,,,,
arthritis,condition,Arthritis,Arthritis,Arthritis,arthritis; rayuma,,,,,,
ascites,condition,Ascites,Ascites,Ascites,ascites; namamaga ang tiyan sa tubig,,,,,,
asthma,condition,Asthma,Asthma,Hika,hika; asthma; may hika; asthma attack; inatake ng hika,Oxygen / airway,,,,,
atrial-fibrillation,condition,Atrial fibrillation,Atrial fibrillation,Atrial fibrillation,atrial fibrillation; afib,ECG / cardiology; Cardiac monitor,,,,,
autism,condition,Autism,Autism spectrum disorder,Autism,autism; autistic,,,,,,
bacterial-wound-infection,condition,Bacterial wound infection,Wound infection,Infected ang sugat,infected ang sugat; wound infection; nag-nana ang sugat,Wound care,,,,,
bed-bugs,condition,Bed bugs,Cimicosis,Surot,surot; bed bugs,,,,,,
bedridden,condition,Bedridden,Bedridden,Bedridden,bedridden; nakaratay,,,,,,
bell-s-palsy,condition,Bell's palsy,Bell's palsy,Bell's palsy,bell's palsy; bells palsy,,,,,,
bipolar-disorder,condition,Bipolar disorder,Bipolar disorder,Bipolar,bipolar; bipolar disorder,,,,,,
bleeding-shock,condition,Bleeding shock,Hypovolemic shock,Shock dahil sa dugo,hypovolemic shock; hemorrhagic shock,Resus bay; Blood / OR,,,,,
blood-clot,condition,Blood clot,Thrombosis,Namuong dugo,namuong dugo; blood clot,,,,,,
boil,condition,Boil,Furuncle,Pigsa,pigsa; boil,,,,,,
brain-bleed,condition,Brain bleed,Intracranial hemorrhage,Pagdurugo sa utak,pagdurugo sa utak; brain bleed; intracranial hemorrhage,CT / neurosurgery; Neuro obs,,,,,
brain-injury,condition,Brain injury,Traumatic brain injury,Pinsala sa utak,pinsala sa utak; brain injury; traumatic brain injury,CT / neurosurgery; Neuro obs,,,,,
brain-tumor,condition,Brain tumor,Brain tumor,Tumor sa utak,tumor sa utak; brain tumor,,,,,,
breast-cancer,condition,Breast cancer,Breast cancer,Kanser sa suso,kanser sa suso; breast cancer,,,,,,
breech-baby,condition,Breech baby,Breech presentation,Suhi ang bata,suhi; suhi ang bata; breech,OB / delivery,,,,,
bronchiectasis,condition,Bronchiectasis,Bronchiectasis,Bronchiectasis,bronchiectasis,,,,,,
bronchiolitis,condition,Bronchiolitis,Bronchiolitis,Bronchiolitis,bronchiolitis,Oxygen / airway,,,,,
bronchitis,condition,Bronchitis,Bronchitis,Bronkitis,bronkitis; bronchitis,,,,,,
bursitis,condition,Bursitis,Bursitis,Bursitis,bursitis,,,,,,
cancer,condition,Cancer,Cancer,Kanser,kanser; cancer; may cancer,,,,,,
cancer-patient,condition,Cancer patient,Oncology patient,Pasyenteng may kanser,pasyenteng may kanser; cancer patient,,,,,,
candidiasis,condition,Candidiasis,Candidiasis,Candidiasis,candidiasis; yeast infection; thrush,,,,,,
carbon-monoxide-poisoning,condition,Carbon monoxide poisoning,Carbon monoxide poisoning,Nalason sa carbon monoxide,carbon monoxide poisoning; co poisoning,Oxygen / airway,,,,,
cardiac-arrest,condition,Cardiac arrest,Cardiac arrest,Huminto ang puso,huminto ang puso; cardiac arrest,Resus bay; Cardiac monitor,,,,,
cardiac-tamponade,condition,Cardiac tamponade,Cardiac tamponade,Cardiac tamponade,cardiac tamponade,Trauma team; Oxygen / airway,,,,,
cardiomyopathy,condition,Cardiomyopathy,Cardiomyopathy,Cardiomyopathy,cardiomyopathy; enlarged heart; lumaki ang puso,,,,,,
carpal-tunnel-syndrome,condition,Carpal tunnel syndrome,Carpal tunnel syndrome,Carpal tunnel,carpal tunnel,,,,,,
cassava-poisoning,condition,Cassava poisoning,Cassava poisoning,Nalason sa kamoteng kahoy,nalason sa kamoteng kahoy; cassava poisoning,Poison control / toxicology,,,,,
cataract,condition,Cataract,Cataract,Katarata,katarata; cataract,,,,,,
celiac-disease,condition,Celiac disease,Celiac disease,Celiac,celiac,,,,,,
centipede-bite,condition,Centipede bite,Centipede bite,Kinagat ng alupihan,kinagat ng alupihan; centipede bite,,,,,,
cerebral-palsy,condition,Cerebral palsy,Cerebral palsy,Cerebral palsy,cerebral palsy,,,,,,
chemotherapy,condition,Chemotherapy,Chemotherapy,Chemotherapy,chemotherapy; chemo,,,,,,
chickenpox,condition,Chickenpox,Varicella,Bulutong,bulutong; chickenpox,Isolation room,,,,,
chikungunya,condition,Chikungunya,Chikungunya,Chikungunya,chikungunya,,,,,,
chlamydia,condition,Chlamydia,Chlamydia,Chlamydia,chlamydia,,,,,,
cholera,condition,Cholera,Cholera,Kolera,kolera; cholera,Isolation room; IV fluids,,,,,
cirrhosis,condition,Cirrhosis,Cirrhosis,Cirrhosis,cirrhosis,,,,,,
cleft-lip,condition,Cleft lip,Cleft lip,Bingot,bingot; cleft lip; cleft palate,,,,,,
clubfoot,condition,Clubfoot,Clubfoot,Clubfoot,clubfoot; club foot,,,,,,
cold,condition,Cold,Common cold,Sipon at ubo,sipon at ubo; common cold,,,,,,
colitis,condition,Colitis,Colitis,Colitis,colitis,,,,,,
collapsed-lung,condition,Collapsed lung,Collapsed lung,Bumagsak ang baga,collapsed lung,Trauma team; Oxygen / airway,,,,,
coma,condition,Coma,Coma,Coma,coma; comatose,Resus bay; Neuro obs,,,,,
compartment-syndrome,condition,Compartment syndrome,Compartment syndrome,Compartment syndrome,compartment syndrome,X-ray / ortho; Surgical team,,,,,
congenital-heart-disease,condition,Congenital heart disease,Congenital heart disease,May butas sa puso,may butas sa puso; congenital heart disease; heart defect,,,,,,
conjunctivitis,condition,Conjunctivitis,Conjunctivitis,Sore eyes,sore eyes; conjunctivitis,Eye / ENT,,,,,
contact-dermatitis,condition,Contact dermatitis,Contact dermatitis,Contact dermatitis,contact dermatitis,,,,,,
copd,condition,COPD,Chronic obstructive pulmonary disease,COPD,copd; chronic obstructive pulmonary disease; emphysema,Oxygen / airway,,,,,
coral-cut,condition,Coral cut,Coral injury,Nahiwa ng coral,nahiwa ng coral; coral cut,Wound care,,,,,
cord-around-neck,condition,Cord around neck,Nuchal cord,Pulupot ang pusod,pulupot ang pusod; cord around neck,OB / delivery,,,,,
cord-prolapse,condition,Cord prolapse,Umbilical cord prolapse,Cord prolapse,cord prolapse,OB / delivery,,,,,
corneal-abrasion,condition,Corneal abrasion,Corneal abrasion,Gasgas sa kornea,corneal abrasion; scratched cornea,Eye / ENT,,,,,
covid-19,condition,COVID-19,COVID-19,COVID,covid; covid-19; coronavirus,Isolation room,,,,,
crocodile-attack,condition,Crocodile attack,Crocodile attack,Inatake ng buwaya,inatake ng buwaya; crocodile attack,Trauma team,,,,,
crohn-s-disease,condition,Crohn's disease,Crohn's disease,Crohn's,crohn; crohns,,,,,,
croup,condition,Croup,Croup,Croup,croup,Oxygen / airway,,,,,
crush-syndrome,condition,Crush syndrome,Crush syndrome,Crush syndrome,crush syndrome,Trauma team; Cardiac monitor; IV fluids,,,,,
cushing-syndrome,condition,Cushing syndrome,Cushing syndrome,Cushing syndrome,cushing syndrome,,,,,,
cyanide-poisoning,condition,Cyanide poisoning,Cyanide poisoning,Cyanide poisoning,cyanide poisoning,Poison control / toxicology,,,,,
cystitis,condition,Cystitis,Cystitis,Cystitis,cystitis; bladder infection,,,,,,
decompression-sickness,condition,Decompression sickness,Decompression sickness,Decompression sickness,decompression sickness; the bends,,,,,,
deep-vein-thrombosis,condition,Deep vein thrombosis,Deep vein thrombosis,Namuong dugo sa binti,deep vein thrombosis; dvt,,,,,,
dementia,condition,Dementia,Dementia,Dementia,dementia; may dementia,,,,,,
dengue,condition,Dengue,Dengue,Dengue,dengue; dengue fever,,,,,,
dengue-warning-signs,condition,Dengue warning signs,Dengue warning signs,Palatandaan ng malalang dengue,palatandaan ng malalang dengue; dengue warning signs,,,,,,
dengue-with-bleeding,condition,Dengue with bleeding,Dengue hemorrhagic fever,Dengue na may pagdurugo,dengue na may pagdurugo; dengue hemorrhagic; dengue with bleeding,,,,,,
dental-abscess,condition,Dental abscess,Dental abscess,Abscess sa ngipin,abscess sa ngipin; dental abscess,,,,,,
depression-disorder,condition,Depression disorder,Major depression,Depresyon,depresyon; depression; depressed,,,,,,
dermatitis,condition,Dermatitis,Dermatitis,Dermatitis,dermatitis; skin allergy,,,,,,
diabetes,condition,Diabetes,Diabetes mellitus,Diabetes,diabetes; diabetic; may diabetes; diabetis,,,,,,
diabetic-emergency,condition,Diabetic emergency,Diabetic ketoacidosis,Diabetic emergency,diabetic emergency; ketoacidosis; dka,Glucose check; IV fluids; Cardiac monitor,,,,,
diabetic-foot,condition,Diabetic foot,Diabetic foot ulcer,Sugat sa paa dahil sa diabetes,diabetic foot; diabetic ulcer,,,,,,
dialysis,condition,Dialysis,Dialysis,Dialysis,dialysis; nagda-dialysis,,,,,,
diaper-rash,condition,Diaper rash,Diaper rash,Singaw sa puwet ng sanggol,diaper rash,,,,,,
diarrheal-disease,condition,Diarrheal disease,Diarrheal disease,Pagtatae,diarrheal disease,,,,,,
diphtheria,condition,Diphtheria,Diphtheria,Dipterya,dipterya; diphtheria,Isolation room,,,,,
disability,condition,Disability,Disability,May kapansanan,may kapansanan; disability; disabled,,,,,,
diverticulitis,condition,Diverticulitis,Diverticulitis,Diverticulitis,diverticulitis,Surgical team,,,,,
down-syndrome,condition,Down syndrome,Down syndrome,Down syndrome,down syndrome,,,,,,
ear-infection,condition,Ear infection,Otitis media,Impeksyon sa tainga,impeksyon sa tainga; ear infection; otitis,Eye / ENT,,,,,
eating-disorder,condition,Eating disorder,Eating disorder,Eating disorder,eating disorder; anorexia nervosa; bulimia,,,,,,
eclampsia,condition,Eclampsia,Eclampsia,Eclampsia,eclampsia,OB / delivery; Neuro obs,,,,,
ectopic-pregnancy,condition,Ectopic pregnancy,Ectopic pregnancy,Ectopic pregnancy,ectopic pregnancy,OB / delivery,,,,,
eczema,condition,Eczema,Eczema,Eksema,eksema; eczema,,,,,,
encephalitis,condition,Encephalitis,Encephalitis,Encephalitis,encephalitis,Isolation room; Neuro obs,,,,,
endocarditis,condition,Endocarditis,Endocarditis,Endocarditis,endocarditis,ECG / cardiology; Cardiac monitor,,,,,
endometriosis,condition,Endometriosis,Endometriosis,Endometriosis,endometriosis,,,,,,
enlarged-prostate,condition,Enlarged prostate,Benign prostatic hyperplasia,Lumaki ang prostate,enlarged prostate; bph,,,,,,
epidural-hematoma,condition,Epidural hematoma,Epidural hematoma,Epidural hematoma,epidural hematoma,CT / neurosurgery; Trauma team,,,,,
epilepsy,condition,Epilepsy,Epilepsy,Epilepsy,epilepsy; epileptic; may epilepsy,Neuro obs,,,,,
esophageal-varices,condition,Esophageal varices,Esophageal varices,Esophageal varices,esophageal varices; varices,Blood / OR,,,,,
fatty-liver,condition,Fatty liver,Fatty liver,Fatty liver,fatty liver,,,,,,
febrile-seizure,condition,Febrile seizure,Febrile seizure,Kumbulsyon dahil sa lagnat,kumbulsyon dahil sa lagnat; febrile seizure; febrile convulsion,Neuro obs; Paediatrics,,,,,
fibromyalgia,condition,Fibromyalgia,Fibromyalgia,Fibromyalgia,fibromyalgia,,,,,,
filariasis,condition,Filariasis,Filariasis,Elephantiasis,filariasis; elephantiasis,,,,,,
fish-poisoning,condition,Fish poisoning,Ciguatera,Nalason sa isda,nalason sa isda; ciguatera; fish poisoning,Poison control / toxicology,,,,,
flail-chest,condition,Flail chest,Flail chest,Flail chest,flail chest,Trauma team; Oxygen / airway,,,,,
gallstones,condition,Gallstones,Cholelithiasis,Bato sa apdo,bato sa apdo; gallstones,,,,,,
gangrene,condition,Gangrene,Gangrene,Gangrene,gangrene; nabubulok ang laman,Surgical team,,,,,
gastritis,condition,Gastritis,Gastritis,Gastritis,gastritis; hyperacidity; hyper acidity,,,,,,
gastroenteritis,condition,Gastroenteritis,Gastroenteritis,Gastroenteritis,gastroenteritis; gastro,IV fluids,,,,,
gastrointestinal-bleeding,condition,Gastrointestinal bleeding,Gastrointestinal hemorrhage,GI bleeding,gi bleeding; gastrointestinal bleeding; pagdurugo sa tiyan,Blood / OR,,,,,
genital-herpes,condition,Genital herpes,Genital herpes,Genital herpes,genital herpes,,,,,,
gerd,condition,GERD,Gastroesophageal reflux,GERD,gerd; acid reflux,,,,,,
german-measles,condition,German measles,Rubella,Rubella,rubella; german measles,,,,,,
gestational-diabetes,condition,Gestational diabetes,Gestational diabetes,Gestational diabetes,gestational diabetes,,,,,,
glaucoma,condition,Glaucoma,Glaucoma,Glaucoma,glaucoma,,,,,,
gonorrhea,condition,Gonorrhea,Gonorrhea,Gonorrhea,gonorrhea,,,,,,
gout,condition,Gout,Gout,Gout,gout; gouty,,,,,,
guillain-barre-syndrome,condition,Guillain-Barre syndrome,Guillain-Barre syndrome,Guillain-Barre,guillain-barre; guillain barre,,,,,,
hand-foot-and-mouth-disease,condition,Hand foot and mouth disease,Hand foot and mouth disease,Hand foot and mouth,hand foot and mouth; hfmd,,,,,,
heart-attack,condition,Heart attack,Myocardial infarction,Atake sa puso,atake sa puso; heart attack; myocardial infarction; inatake sa puso,ECG / cardiology; Cardiac monitor,,,,,
heart-disease,condition,Heart disease,Heart disease,Sakit sa puso,sakit sa puso; heart disease; may sakit sa puso,,,,,,
heart-failure,condition,Heart failure,Heart failure,Heart failure,heart failure; congestive heart failure; mahinang puso,Oxygen / airway; Cardiac monitor,,,,,
heart-valve-disease,condition,Heart valve disease,Valvular heart disease,Valvular heart disease,valvular heart disease; heart murmur,,,,,,
hemophilia,condition,Hemophilia,Hemophilia,Hemophilia,hemophilia,,,,,,
hemorrhoids,condition,Hemorrhoids,Hemorrhoids,Almoranas,almoranas; hemorrhoids; piles,,,,,,
hemothorax,condition,Hemothorax,Hemothorax,Hemothorax,hemothorax,Trauma team; Oxygen / airway,,,,,
hepatic-encephalopathy,condition,Hepatic encephalopathy,Hepatic encephalopathy,Hepatic encephalopathy,hepatic encephalopathy,Neuro obs,,,,,
hepatitis,condition,Hepatitis,Hepatitis,Hepatitis,hepatitis,,,,,,
hepatitis-a,condition,Hepatitis A,Hepatitis A,Hepatitis A,hepatitis a,,,,,,
hepatitis-b,condition,Hepatitis B,Hepatitis B,Hepatitis B,hepatitis b,,,,,,
hepatitis-c,condition,Hepatitis C,Hepatitis C,Hepatitis C,hepatitis c,,,,,,
hernia,condition,Hernia,Hernia,Luslos,luslos; hernia,Surgical team,,,,,
high-blood-sugar,condition,High blood sugar,Hyperglycemia,Mataas ang asukal,mataas ang asukal; mataas ang sugar; high blood sugar; hyperglycemia,Glucose check,,,,,
hiv,condition,HIV,HIV infection,HIV,hiv; aids,,,,,,
hydrocephalus,condition,Hydrocephalus,Hydrocephalus,Hydrocephalus,hydrocephalus,,,,,,
hyperemesis-gravidarum,condition,Hyperemesis gravidarum,Hyperemesis gravidarum,Matinding pagsusuka sa pagbubuntis,hyperemesis gravidarum; severe vomiting in pregnancy,OB / delivery,,,,,
hyperkalemia,condition,Hyperkalemia,Hyperkalemia,Hyperkalemia,hyperkalemia; high potassium,ECG / cardiology; Cardiac monitor,,,,,
hypernatremia,condition,Hypernatremia,Hypernatremia,Hypernatremia,hypernatremia; high sodium,,,,,,
hypertension,condition,Hypertension,Hypertension,High blood,high blood; mataas ang presyon; hypertension; high blood pressure; altapresyon,,,,,,
hypertensive-crisis,condition,Hypertensive crisis,Hypertensive crisis,Hypertensive crisis,hypertensive crisis; hypertensive emergency; sobrang taas ng presyon,ECG / cardiology; Cardiac monitor,,,,,
hyperthyroidism,condition,Hyperthyroidism,Hyperthyroidism,Hyperthyroidism,hyperthyroidism; overactive thyroid,,,,,,
hypokalemia,condition,Hypokalemia,Hypokalemia,Hypokalemia,hypokalemia; low potassium,,,,,,
hyponatremia,condition,Hyponatremia,Hyponatremia,Hyponatremia,hyponatremia; low sodium,,,,,,
hypothyroidism,condition,Hypothyroidism,Hypothyroidism,Hypothyroidism,hypothyroidism; underactive thyroid,,,,,,
hypoxia,condition,Hypoxia,Hypoxia,Kulang sa oxygen,kulang sa oxygen; hypoxia; low oxygen,Oxygen / airway,,,,,
immunocompromised,condition,Immunocompromised,Immunocompromised,Mahina ang resistensya,mahina ang resistensya; immunocompromised; low immunity,,,,,,
impetigo,condition,Impetigo,Impetigo,Impetigo,impetigo,,,,,,
infection,condition,Infection,Infection,Impeksyon,impeksyon; infection; infected,,,,,,
influenza,condition,Influenza,Influenza,Trangkaso,trangkaso; flu; influenza,Isolation room,,,,,
intellectual-disability,condition,Intellectual disability,Intellectual disability,Intellectual disability,intellectual disability,,,,,,
internal-bleeding,condition,Internal bleeding,Internal hemorrhage,Pagdurugo sa loob,pagdurugo sa loob; internal bleeding,Blood / OR; Trauma team,,,,,
intestinal-obstruction,condition,Intestinal obstruction,Bowel obstruction,Barado ang bituka,barado ang bituka; bowel obstruction; intestinal obstruction,Surgical team,,,,,
intestinal-worms,condition,Intestinal worms,Helminthiasis,Bulate,bulate; bulati; intestinal worms; worms,,,,,,
irritable-bowel-syndrome,condition,Irritable bowel syndrome,Irritable bowel syndrome,IBS,ibs; irritable bowel,,,,,,
japanese-encephalitis,condition,Japanese encephalitis,Japanese encephalitis,Japanese encephalitis,japanese encephalitis,,,,,,
jaundice-in-newborn,condition,Jaundice in newborn,Neonatal jaundice,Naninilaw ang sanggol,naninilaw ang sanggol; neonatal jaundice,,,,,,
kidney-failure,condition,Kidney failure,Renal failure,Kidney failure,kidney failure; renal failure; sira ang kidney,,,,,,
kidney-stones,condition,Kidney stones,Nephrolithiasis,Bato sa bato,kidney stones; bato sa bato,,,,,,
lactose-intolerance,condition,Lactose intolerance,Lactose intolerance,Lactose intolerance,lactose intolerance,,,,,,
lead-poisoning,condition,Lead poisoning,Lead poisoning,Lead poisoning,lead poisoning,Poison control / toxicology,,,,,
leg-ulcer,condition,Leg ulcer,Leg ulcer,Sugat sa binti na hindi gumagaling,leg ulcer,,,,,,
leprosy,condition,Leprosy,Leprosy,Ketong,ketong; leprosy; hansen's disease,,,,,,
leptospirosis,condition,Leptospirosis,Leptospirosis,Leptospirosis,leptospirosis; lepto,,,,,,
leukemia,condition,Leukemia,Leukemia,Leukemia,leukemia,,,,,,
lice,condition,Lice,Pediculosis,Kuto,kuto; lice; head lice,,,,,,
liver-disease,condition,Liver disease,Liver disease,Sakit sa atay,sakit sa atay; liver disease,,,,,,
low-birth-weight,condition,Low birth weight,Low birth weight,Mababa ang timbang ng bagong silang,low birth weight,Paediatrics,,,,,
low-blood-pressure,condition,Low blood pressure,Hypotension,Low blood,low blood; mababa ang presyon; hypotension; low blood pressure,,,,,,
low-blood-sugar,condition,Low blood sugar,Hypoglycemia,Mababa ang asukal,mababa ang asukal; mababa ang sugar; low blood sugar; hypoglycemia,Glucose check,,,,,
lung-cancer,condition,Lung cancer,Lung cancer,Kanser sa baga,kanser sa baga; lung cancer,,,,,,
lupus,condition,Lupus,Systemic lupus erythematosus,Lupus,lupus; sle,,,,,,
lymphedema,condition,Lymphedema,Lymphedema,Lymphedema,lymphedema,,,,,,
malaria,condition,Malaria,Malaria,Malaria,malaria,,,,,,
malignant-hyperthermia,condition,Malignant hyperthermia,Malignant hyperthermia,Malignant hyperthermia,malignant hyperthermia,Resus bay,,,,,
malnutrition,condition,Malnutrition,Malnutrition,Malnutrisyon,malnutrisyon; malnutrition; malnourished,,,,,,
mastitis,condition,Mastitis,Mastitis,Mastitis,mastitis,,,,,,
measles,condition,Measles,Measles,Tigdas,tigdas; measles,Isolation room,,,,,
meconium-aspiration,condition,Meconium aspiration,Meconium aspiration,Meconium aspiration,meconium aspiration,Oxygen / airway; Paediatrics,,,,,
meningitis,condition,Meningitis,Meningitis,Meningitis,meningitis,Isolation room; Neuro obs,,,,,
mercury-exposure,condition,Mercury exposure,Mercury exposure,Mercury exposure,mercury exposure; mercury poisoning,Poison control / toxicology,,,,,
metabolic-acidosis,condition,Metabolic acidosis,Metabolic acidosis,Metabolic acidosis,metabolic acidosis; acidosis,,,,,,
methanol-poisoning,condition,Methanol poisoning,Methanol poisoning,Nalason sa methanol,methanol poisoning; nalason sa methanol; tapuy; lambanog poisoning,Poison control / toxicology,,,,,
migraine-disorder,condition,Migraine disorder,Migraine disorder,Migraine,migraine,,,,,,
mini-stroke,condition,Mini stroke,Transient ischemic attack,Mini stroke,mini stroke; transient ischemic attack; tia,Stroke team / CT,,,,,
molar-pregnancy,condition,Molar pregnancy,Molar pregnancy,Molar pregnancy,molar pregnancy; hydatidiform mole,OB / delivery,,,,,
motion-sickness,condition,Motion sickness,Motion sickness,Hilo sa biyahe,hilo sa biyahe; motion sickness; car sick,,,,,,
mpox,condition,Mpox,Mpox,Mpox,mpox; monkeypox,Isolation room,,,,,
multiple-sclerosis,condition,Multiple sclerosis,Multiple sclerosis,Multiple sclerosis,multiple sclerosis,,,,,,
mumps,condition,Mumps,Mumps,Beke,beke; mumps,,,,,,
mushroom-poisoning,condition,Mushroom poisoning,Mushroom poisoning,Nalason sa kabute,nalason sa kabute; mushroom poisoning,Poison control / toxicology,,,,,
myasthenia-gravis,condition,Myasthenia gravis,Myasthenia gravis,Myasthenia gravis,myasthenia gravis,,,,,,
necrotizing-fasciitis,condition,Necrotizing fasciitis,Necrotizing fasciitis,Necrotizing fasciitis,necrotizing fasciitis,Surgical team,,,,,
neonatal-asphyxia,condition,Neonatal asphyxia,Birth asphyxia,Hindi umiyak ang sanggol,hindi umiyak ang sanggol; birth asphyxia; baby not crying,Paediatrics,,,,,
neonatal-sepsis,condition,Neonatal sepsis,Neonatal sepsis,Neonatal sepsis,neonatal sepsis,Paediatrics,,,,,
neuroleptic-malignant-syndrome,condition,Neuroleptic malignant syndrome,Neuroleptic malignant syndrome,Neuroleptic malignant syndrome,neuroleptic malignant syndrome,Resus bay,,,,,
neuropathy,condition,Neuropathy,Peripheral neuropathy,Neuropathy,neuropathy; peripheral neuropathy,,,,,,
obesity,condition,Obesity,Obesity,Obesity,obesity; obese; sobrang taba,,,,,,
obsessive-compulsive-disorder,condition,Obsessive-compulsive disorder,Obsessive-compulsive disorder,OCD,ocd; obsessive compulsive,,,,,,
opportunistic-infection,condition,Opportunistic infection,Opportunistic infection,Opportunistic infection,opportunistic infection,,,,,,
organophosphate-poisoning,condition,Organophosphate poisoning,Organophosphate poisoning,Nalason sa organophosphate,organophosphate poisoning,Poison control / toxicology,,,,,
osteoarthritis,condition,Osteoarthritis,Osteoarthritis,Osteoarthritis,osteoarthritis,,,,,,
osteomyelitis,condition,Osteomyelitis,Osteomyelitis,Osteomyelitis,osteomyelitis; bone infection,,,,,,
osteoporosis,condition,Osteoporosis,Osteoporosis,Osteoporosis,osteoporosis; marupok na buto,,,,,,
outer-ear-infection,condition,Outer ear infection,Otitis externa,Otitis externa,otitis externa; swimmer's ear,Eye / ENT,,,,,
ovarian-cyst,condition,Ovarian cyst,Ovarian cyst,Cyst sa obaryo,ovarian cyst; cyst sa obaryo,,,,,,
pacemaker,condition,Pacemaker,Pacemaker,Pacemaker,pacemaker,,,,,,
palliative-care,condition,Palliative care,Palliative care,Palliative care,palliative care; hospice,,,,,,
pancreatitis,condition,Pancreatitis,Pancreatitis,Pancreatitis,pancreatitis,Surgical team,,,,,
panic-disorder,condition,Panic disorder,Panic disorder,Panic disorder,panic disorder,,,,,,
paracetamol-overdose,condition,Paracetamol overdose,Paracetamol overdose,Overdose sa paracetamol,paracetamol overdose,Poison control / toxicology,,,,,
parkinson-s-disease,condition,Parkinson's disease,Parkinson's disease,Parkinson's,parkinson; parkinsons,,,,,,
pelvic-inflammatory-disease,condition,Pelvic inflammatory disease,Pelvic inflammatory disease,Pelvic inflammatory disease,pelvic inflammatory disease; pid,,,,,,
pericarditis,condition,Pericarditis,Pericarditis,Pericarditis,pericarditis,ECG / cardiology; Cardiac monitor,,,,,
peripheral-artery-disease,condition,Peripheral artery disease,Peripheral artery disease,Peripheral artery disease,peripheral artery disease,,,,,,
peritonitis,condition,Peritonitis,Peritonitis,Peritonitis,peritonitis,Surgical team,,,,,
placenta-previa,condition,Placenta previa,Placenta previa,Placenta previa,placenta previa,OB / delivery,,,,,
placental-abruption,condition,Placental abruption,Placental abruption,Placental abruption,placental abruption; abruptio placentae,OB / delivery,,,,,
pleural-effusion,condition,Pleural effusion,Pleural effusion,Tubig sa baga,tubig sa baga; pleural effusion,Oxygen / airway,,,,,
pleurisy,condition,Pleurisy,Pleurisy,Pleurisy,pleurisy,,,,,,
pneumocystis-pneumonia,condition,Pneumocystis pneumonia,Pneumocystis pneumonia,Pneumocystis,pneumocystis,,,,,,
pneumonia,condition,Pneumonia,Pneumonia,Pulmonya,pulmonya; pneumonia,Oxygen / airway,,,,,
pneumothorax,condition,Pneumothorax,Pneumothorax,Pneumothorax,pneumothorax; collapsed lung,Trauma team; Oxygen / airway,,,,,
polycystic-ovary-syndrome,condition,Polycystic ovary syndrome,Polycystic ovary syndrome,PCOS,pcos; polycystic ovary,,,,,,
post-traumatic-stress,condition,Post-traumatic stress,Post-traumatic stress disorder,PTSD,ptsd; post traumatic stress,,,,,,
postpartum-depression,condition,Postpartum depression,Postpartum depression,Postpartum depression,postpartum depression,,,,,,
pre-eclampsia,condition,Pre-eclampsia,Pre-eclampsia,Pre-eclampsia,pre-eclampsia; preeclampsia,OB / delivery,,,,,
pregnancy-complication,condition,Pregnancy complication,Pregnancy complication,Komplikasyon sa pagbubuntis,komplikasyon sa pagbubuntis; pregnancy complication,OB / delivery,,,,,
premature-baby,condition,Premature baby,Premature infant,Premature ang sanggol,maagang isinilang; napaaga ang panganganak; premature baby; premature na sanggol; preterm baby,Paediatrics,,,,,
prostatitis,condition,Prostatitis,Prostatitis,Prostatitis,prostatitis,,,,,,
psoriasis,condition,Psoriasis,Psoriasis,Psoriasis,psoriasis,,,,,,
psychosis,condition,Psychosis,Psychosis,Psychosis,psychosis; psychotic,Mental health / safety watch,,,,,
pufferfish-poisoning,condition,Pufferfish poisoning,Tetrodotoxin poisoning,Nalason sa butete,nalason sa butete; pufferfish poisoning; butete,Poison control / toxicology,,,,,
pulmonary-edema,condition,Pulmonary edema,Pulmonary edema,Pulmonary edema,pulmonary edema; fluid in lungs,Oxygen / airway; Cardiac monitor,,,,,
pulmonary-embolism,condition,Pulmonary embolism,Pulmonary embolism,Pulmonary embolism,pulmonary embolism,Oxygen / airway,,,,,
pyelonephritis,condition,Pyelonephritis,Pyelonephritis,Pyelonephritis,pyelonephritis; kidney infection,,,,,,
rabies,condition,Rabies,Rabies,Rabies,rabies; rabid,,,,,,
radiation-therapy,condition,Radiation therapy,Radiation therapy,Radiation,radiation therapy; radiotherapy,,,,,,
rat-poison-ingestion,condition,Rat poison ingestion,Rodenticide ingestion,Nakainom ng lason sa daga,nakainom ng lason sa daga; rat poison,Poison control / toxicology,,,,,
red-tide-poisoning,condition,Red tide poisoning,Paralytic shellfish poisoning,Nalason sa red tide,nalason sa red tide; red tide poisoning; paralytic shellfish,Poison control / toxicology,,,,,
respiratory-failure,condition,Respiratory failure,Respiratory failure,Respiratory failure,respiratory failure,Resus bay; Oxygen / airway,,,,,
retained-placenta,condition,Retained placenta,Retained placenta,Hindi lumabas ang inunan,hindi lumabas ang inunan; retained placenta,OB / delivery,,,,,
retinal-detachment,condition,Retinal detachment,Retinal detachment,Retinal detachment,retinal detachment,Eye / ENT,,,,,
rhabdomyolysis,condition,Rhabdomyolysis,Rhabdomyolysis,Rhabdomyolysis,rhabdomyolysis,IV fluids; Cardiac monitor,,,,,
rheumatic-heart-disease,condition,Rheumatic heart disease,Rheumatic heart disease,Rheumatic heart disease,rheumatic heart disease; rheumatic fever,,,,,,
rheumatoid-arthritis,condition,Rheumatoid arthritis,Rheumatoid arthritis,Rheumatoid arthritis,rheumatoid arthritis,,,,,,
rickets,condition,Rickets,Rickets,Rickets,rickets,,,,,,
ringworm,condition,Ringworm,Tinea,Buni,buni; ringworm,,,,,,
scabies,condition,Scabies,Scabies,Galis,galis; scabies,,,,,,
schistosomiasis,condition,Schistosomiasis,Schistosomiasis,Schistosomiasis,schistosomiasis; snail fever,,,,,,
schizophrenia,condition,Schizophrenia,Schizophrenia,Schizophrenia,schizophrenia,,,,,,
sciatica,condition,Sciatica,Sciatica,Sciatica,sciatica,,,,,,
scoliosis,condition,Scoliosis,Scoliosis,Scoliosis,scoliosis,,,,,,
scorpion-sting,condition,Scorpion sting,Scorpion sting,Natusok ng alakdan,natusok ng alakdan; scorpion sting,,,,,,
sea-snake-bite,condition,Sea snake bite,Sea snake bite,Kinagat ng ahas sa dagat,sea snake bite,Antivenom; Cardiac monitor,,,,,
sea-urchin-injury,condition,Sea urchin injury,Sea urchin injury,Natusok ng sea urchin,sea urchin; natusok ng sea urchin,Wound care,,,,,
sepsis,condition,Sepsis,Sepsis,Sepsis,sepsis; septic,Resus bay; IV fluids; Cardiac monitor,,,,,
septic-arthritis,condition,Septic arthritis,Septic arthritis,Septic arthritis,septic arthritis; joint infection,,,,,,
septic-shock,condition,Septic shock,Septic shock,Septic shock,septic shock,Resus bay; IV fluids; Cardiac monitor,,,,,
serotonin-syndrome,condition,Serotonin syndrome,Serotonin syndrome,Serotonin syndrome,serotonin syndrome,Resus bay,,,,,
severe-dehydration,condition,Severe dehydration,Severe dehydration,Matinding dehydration,matinding dehydration; severe dehydration,IV fluids,,,,,
severe-malnutrition,condition,Severe malnutrition,Kwashiorkor or marasmus,Matinding malnutrisyon,kwashiorkor; marasmus; severe malnutrition,,,,,,
shark-attack,condition,Shark attack,Shark attack,Inatake ng pating,inatake ng pating; shark attack,Trauma team,,,,,
shingles,condition,Shingles,Herpes zoster,Shingles,shingles; herpes zoster,Isolation room,,,,,
shock,condition,Shock,Shock,Shock,na-shock; nasa shock; shock,Resus bay; IV fluids; Cardiac monitor,,,,,
shoulder-dystocia,condition,Shoulder dystocia,Shoulder dystocia,Shoulder dystocia,shoulder dystocia,OB / delivery,,,,,
sickle-cell-disease,condition,Sickle cell disease,Sickle cell disease,Sickle cell,sickle cell,,,,,,
sinusitis,condition,Sinusitis,Sinusitis,Sinusitis,sinusitis,,,,,,
skin-infection,condition,Skin infection,Cellulitis,Impeksyon sa balat,impeksyon sa balat; cellulitis,,,,,,
sleep-apnea,condition,Sleep apnea,Sleep apnea,Sleep apnea,sleep apnea,,,,,,
slipped-disc,condition,Slipped disc,Herniated disc,Slipped disc,slipped disc; herniated disc,,,,,,
snakebite-envenomation,condition,Snakebite envenomation,Envenomation,Nalason ng ahas,envenomation; nalason ng ahas,Antivenom; Cardiac monitor,,,,,
spider-bite,condition,Spider bite,Spider bite,Kinagat ng gagamba,kinagat ng gagamba; spider bite,,,,,,
spinal-cord-injury,condition,Spinal cord injury,Spinal cord injury,Pinsala sa spinal cord,spinal cord injury,Spinal precautions; CT / neurosurgery,,,,,
status-epilepticus,condition,Status epilepticus,Status epilepticus,Tuloy-tuloy na kumbulsyon,status epilepticus; tuloy-tuloy na kumbulsyon; seizure that will not stop,Resus bay; Neuro obs,,,,,
stillbirth,condition,Stillbirth,Stillbirth,Patay na isinilang,stillbirth; patay na isinilang,Paediatrics,,,,,
stonefish-sting,condition,Stonefish sting,Stonefish sting,Natusok ng stonefish,stonefish sting; sea urchin sting,Wound care,,,,,
stroke,condition,Stroke,Stroke,Stroke,bumaluktot ang mukha; cerebrovascular accident; cva; na-stroke; namaluktot ang bibig; nastroke; stroke,Stroke team / CT,,,,,
stunting,condition,Stunting,Stunting,Bansot,bansot; stunting,,,,,,
stye,condition,Stye,Hordeolum,Banil,banil; stye,,,,,,
subarachnoid-hemorrhage,condition,Subarachnoid hemorrhage,Subarachnoid hemorrhage,Subarachnoid hemorrhage,subarachnoid hemorrhage,CT / neurosurgery; Trauma team,,,,,
subdural-hematoma,condition,Subdural hematoma,Subdural hematoma,Subdural hematoma,subdural hematoma,CT / neurosurgery; Trauma team,,,,,
substance-use,condition,Substance use,Substance use,Gumagamit ng droga,gumagamit ng droga; substance use; drug use,,,,,,
sudden-infant-death,condition,Sudden infant death,Sudden infant death,Biglaang pagkamatay ng sanggol,sudden infant death,Resus bay,,,,,
suspected-appendicitis,condition,Suspected appendicitis,Suspected appendicitis,Hinihinalang apendisitis,suspected appendicitis; possible appendicitis,Surgical team,,,,,
suspected-covid-19,condition,Suspected COVID-19,Suspected COVID-19,Hinihinalang COVID,suspected covid; possible covid,Isolation room,,,,,
suspected-dengue,condition,Suspected dengue,Suspected dengue,Hinihinalang dengue,hinihinalang dengue; suspected dengue; possible dengue,,,,,,
suspected-fracture,condition,Suspected fracture,Suspected fracture,Hinihinalang bali,hinihinalang bali; suspected fracture; possible fracture,X-ray / ortho,,,,,
suspected-head-injury,condition,Suspected head injury,Suspected head injury,Hinihinalang pinsala sa ulo,suspected head injury; possible head injury,CT / neurosurgery,,,,,
suspected-heart-attack,condition,Suspected heart attack,Suspected myocardial infarction,Hinihinalang atake sa puso,hinihinalang atake sa puso; suspected heart attack; possible heart attack,ECG / cardiology; Cardiac monitor,,,,,
suspected-internal-bleeding,condition,Suspected internal bleeding,Suspected internal hemorrhage,Hinihinalang pagdurugo sa loob,suspected internal bleeding; possible internal bleeding,Trauma team; Blood / OR,,,,,
suspected-leptospirosis,condition,Suspected leptospirosis,Suspected leptospirosis,Hinihinalang leptospirosis,hinihinalang leptospirosis; suspected leptospirosis; possible leptospirosis,,,,,,
suspected-overdose,condition,Suspected overdose,Suspected overdose,Hinihinalang overdose,suspected overdose; possible overdose,Poison control / toxicology,,,,,
suspected-pneumonia,condition,Suspected pneumonia,Suspected pneumonia,Hinihinalang pulmonya,suspected pneumonia; possible pneumonia,Oxygen / airway,,,,,
suspected-poisoning,condition,Suspected poisoning,Suspected poisoning,Hinihinalang pagkalason,hinihinalang pagkalason; suspected poisoning; possible poisoning,Poison control / toxicology,,,,,
suspected-rabies-exposure,condition,Suspected rabies exposure,Possible rabies exposure,Posibleng nalantad sa rabies,possible rabies exposure; suspected rabies exposure,Wound care; Animal bite service,,,,,
suspected-spinal-injury,condition,Suspected spinal injury,Suspected spinal injury,Hinihinalang pinsala sa gulugod,suspected spinal injury; possible spinal injury,Trauma team; Spinal precautions,,,,,
suspected-stroke,condition,Suspected stroke,Suspected stroke,Hinihinalang stroke,hinihinalang stroke; suspected stroke; possible stroke,Stroke team / CT,,,,,
suspected-tb,condition,Suspected TB,Suspected tuberculosis,Hinihinalang TB,suspected tb; possible tb; suspected tuberculosis,Isolation room,,,,,
syphilis,condition,Syphilis,Syphilis,Syphilis,syphilis,,,,,,
tendonitis,condition,Tendonitis,Tendinitis,Tendonitis,tendonitis; tendinitis,,,,,,
tension-pneumothorax,condition,Tension pneumothorax,Tension pneumothorax,Tension pneumothorax,tension pneumothorax,Trauma team; Oxygen / airway,,,,,
terminal-illness,condition,Terminal illness,Terminal illness,Malubhang sakit,malubhang sakit; terminal illness; terminally ill,,,,,,
testicular-torsion,condition,Testicular torsion,Testicular torsion,Testicular torsion,testicular torsion; twisted testicle,Surgical team,,,,,
tetanus,condition,Tetanus,Tetanus,Tetano,tetano; tetanus,,,,,,
thalassemia,condition,Thalassemia,Thalassemia,Thalassemia,thalassemia,,,,,,
thyroid-disease,condition,Thyroid disease,Thyroid disease,Sakit sa thyroid,sakit sa thyroid; thyroid disease; goiter,,,,,,
thyroid-storm,condition,Thyroid storm,Thyroid storm,Thyroid storm,thyroid storm,Resus bay,,,,,
tonsillitis,condition,Tonsillitis,Tonsillitis,Tonsilitis,tonsilitis; tonsillitis,,,,,,
tooth-decay,condition,Tooth decay,Dental caries,Bulok na ngipin,bulok na ngipin; tooth decay; cavities,,,,,,
transplant-recipient,condition,Transplant recipient,Transplant recipient,Nag-transplant,transplant recipient; nag-transplant,,,,,,
tuberculosis,condition,Tuberculosis,Tuberculosis,TB,tb; tuberculosis; tuberkulosis; may tb,Isolation room,,,,,
typhoid-fever,condition,Typhoid fever,Typhoid fever,Typhoid,typhoid; typhoid fever,,,,,,
ulcer,condition,Ulcer,Peptic ulcer,Ulcer,ulcer; peptic ulcer; ulser,,,,,,
underweight,condition,Underweight,Underweight,Kulang sa timbang,kulang sa timbang; underweight,,,,,,
urinary-tract-infection,condition,Urinary tract infection,Urinary tract infection,UTI,uti; urinary tract infection; impeksyon sa ihi,,,,,,
uterine-fibroids,condition,Uterine fibroids,Uterine fibroids,Bukol sa matris,bukol sa matris; fibroids; myoma,,,,,,
uterine-rupture,condition,Uterine rupture,Uterine rupture,Uterine rupture,uterine rupture,OB / delivery,,,,,
uveitis,condition,Uveitis,Uveitis,Uveitis,uveitis,Eye / ENT,,,,,
varicose-veins,condition,Varicose veins,Varicose veins,Varicose veins,varicose veins,,,,,,
wasp-sting,condition,Wasp sting,Wasp sting,Natusok ng putakti,natusok ng putakti; wasp sting,,,,,,
wheelchair-user,condition,Wheelchair user,Wheelchair user,Naka-wheelchair,naka-wheelchair; wheelchair,,,,,,
whooping-cough,condition,Whooping cough,Pertussis,Pertussis,whooping cough; pertussis,Isolation room,,,,,
withdrawal,condition,Withdrawal,Withdrawal,Withdrawal,withdrawal; nagwi-withdraw,,,,,,
zika-virus,condition,Zika virus,Zika virus,Zika,zika,,,,,,
adult,history,Adult,Adult,Matanda,adult; nasa hustong gulang,,,,,,
allergy,history,Allergy,Allergy,Allergy,allergy; allergic; may allergy; allergic sa,,,,,,
alone,history,Alone,Unaccompanied,Mag-isa,mag-isa; alone; unaccompanied,,,,,,
anti-rabies-shot,history,Anti-rabies shot,Rabies vaccination,Anti-rabies,anti-rabies; rabies shot; rabies vaccine,,,,,,
ate-seafood,history,Ate seafood,Seafood ingestion,Kumain ng lamang-dagat,kumain ng seafood; ate seafood,,,,,,
bandage-applied,history,Bandage applied,Bandage,Benda,benda; binendahan; bandage; bandaged,,,,,,
blood-pressure,history,Blood pressure,Blood pressure,Presyon,presyon; blood pressure; bp,,,,,,
blood-sugar-level,history,Blood sugar level,Blood glucose,Asukal sa dugo,asukal sa dugo; blood sugar; blood glucose; cbg,,,,,,
blood-type,history,Blood type,Blood type,Uri ng dugo,uri ng dugo; blood type,,,,,,
breastfeeding,history,Breastfeeding,Lactating,Nagpapasuso,nagpapasuso; breastfeeding,,,,,,
child,history,Child,Child,Bata,bata; child,,,,,,
contact-with-sick-person,history,Contact with sick person,Sick contact,May kasamang may sakit,may kasamang may sakit; sick contact,,,,,,
cpr-performed,history,CPR performed,Cardiopulmonary resuscitation,CPR,cpr; cardiopulmonary resuscitation; chest compressions,,,,,,
drank-untreated-water,history,Drank untreated water,Untreated water,Uminom ng hindi pinakuluang tubig,hindi pinakuluang tubig; untreated water; unboiled water,,,,,,
drinks-alcohol,history,Drinks alcohol,Alcohol use,Umiinom ng alak,umiinom ng alak; drinks alcohol; alcohol use,,,,,,
eats-raw-food,history,Eats raw food,Raw food ingestion,Kumain ng hilaw,kumain ng hilaw; ate raw,,,,,,
elderly,history,Elderly,Elderly,Matanda na,nakatatanda; senior; elderly; lolo; lola,,,,,,
empty-pill-bottle,history,Empty pill bottle,Possible overdose,Walang laman na bote ng gamot,empty pill bottle; empty bottle of pills,,,,,,
epinephrine-pen,history,Epinephrine pen,Epinephrine auto-injector,Epipen,epipen; epinephrine pen; epinephrine auto injector,,,,,,
exposed-to-floodwater,history,Exposed to floodwater,Floodwater exposure,Lumusong sa baha,lumusong sa baha; exposed to floodwater; walked in floodwater,,,,,,
family-history,history,Family history,Family history,May lahi,may lahi; family history,,,,,,
female,history,Female,Female,Babae,babae; female; woman,,,,,,
first-aid-given,history,First aid given,First aid,Pangunang lunas,pangunang lunas; first aid; first aid given,,,,,,
first-pregnancy,history,First pregnancy,Primigravida,Unang pagbubuntis,unang pagbubuntis; first pregnancy,,,,,,
first-time,history,First time,First episode,Unang beses,unang beses; first time,,,,,,
for-days,history,For days,Duration days,Ilang araw na,ilang araw na; for days; several days,,,,,,
for-weeks,history,For weeks,Duration weeks,Ilang linggo na,ilang linggo na; for weeks,,,,,,
found-down,history,Found down,Found down,Natagpuang nakahandusay,nakahandusay; natagpuang nakahandusay; found down; found lying,,,,,,
full-term,history,Full term,Term pregnancy,Buo na ang buwan,full term; buo na ang buwan,,,,,,
getting-better,history,Getting better,Improving,Gumagaling,gumagaling; getting better; improving,,,,,,
getting-worse,history,Getting worse,Worsening,Lumalala,lumalala; getting worse; worsening,,,,,,
glasgow-coma-scale,history,Glasgow Coma Scale,Glasgow Coma Scale,Glasgow Coma Scale,glasgow coma scale; gcs,,,,,,
gradual-onset,history,Gradual onset,Gradual onset,Unti-unti,unti-unti; gradual onset; gradually,,,,,,
has-not-eaten,history,Has not eaten,Fasting,Hindi pa kumakain,hindi pa kumakain; has not eaten,,,,,,
herbal-medicine,history,Herbal medicine,Herbal medicine,Halamang gamot,halamang gamot; herbal medicine; herbal,,,,,,
home-oxygen,history,Home oxygen,Home oxygen therapy,May oxygen sa bahay,home oxygen; may oxygen sa bahay,,,,,,
hospitalized-before,history,Hospitalized before,Prior admission,Na-confine na,na-confine; na-admit; hospitalized before,,,,,,
infant,history,Infant,Infant,Sanggol,sanggol; infant; baby,,,,,,
just-ate,history,Just ate,Recent meal,Kakakain lang,kakakain lang; just ate; recently ate,,,,,,
last-drink,history,Last drink,Last fluid intake,Huling inom,huling inom; last drink,,,,,,
last-meal,history,Last meal,Last oral intake,Huling kain,huling kain; last meal; last ate,,,,,,
latex-allergy,history,Latex allergy,Latex allergy,Allergy sa latex,allergy sa latex; latex allergy,,,,,,
male,history,Male,Male,Lalaki,lalaki; male,,,,,,
medical-alert-bracelet,history,Medical alert bracelet,Medical alert,Medical alert bracelet,medical alert bracelet; medical bracelet,,,,,,
medication,history,Medication,Medication,Gamot,gamot; medication; medicine; meds,,,,,,
medicine-given,history,Medicine given,Medication given,Binigyan ng gamot,binigyan ng gamot; medicine given,,,,,,
menopause,history,Menopause,Menopause,Menopause,menopause,,,,,,
menstruating,history,Menstruating,Menstruation,May regla,may regla; menstruating,,,,,,
missed-medication,history,Missed medication,Missed medication,Hindi nakainom ng gamot,hindi nakainom ng gamot; missed medication,,,,,,
moved-patient,history,Moved patient,Patient moved,Inilipat ang pasyente,inilipat ang pasyente; patient moved,,,,,,
newborn,history,Newborn,Neonate,Bagong silang,bagong silang; newborn,,,,,,
no-known-allergies,history,No known allergies,No known allergies,Walang allergy,walang allergy; no known allergies; nka,,,,,,
no-medical-history,history,No medical history,No past history,Walang sakit,walang sakit; no medical history,,,,,,
no-medications,history,No medications,No medications,Walang iniinom na gamot,walang iniinom na gamot; no medications,,,,,,
no-vital-signs,history,No vital signs,No vital signs,Walang vital signs,walang vital signs; no vitals; no vital signs,,,,,,
not-moved,history,Not moved,Not moved,Hindi ginalaw,hindi ginalaw; not moved,,,,,,
not-vaccinated,history,Not vaccinated,Unvaccinated,Hindi bakunado,hindi bakunado; not vaccinated; unvaccinated,,,,,,
oxygen-given,history,Oxygen given,Oxygen therapy,Binigyan ng oxygen,binigyan ng oxygen; oxygen given,,,,,,
oxygen-saturation,history,Oxygen saturation,Oxygen saturation,Oxygen level,oxygen saturation; oxygen level; sp02; spo2,,,,,,
pain-score,history,Pain score,Pain score,Antas ng sakit,antas ng sakit; pain score; pain scale,,,,,,
penicillin-allergy,history,Penicillin allergy,Penicillin allergy,Allergy sa penicillin,allergy sa penicillin; penicillin allergy,,,,,,
postpartum,history,Postpartum,Postpartum,Bagong panganak,bagong panganak; postpartum,,,,,,
pregnant,history,Pregnant,Pregnancy,Buntis,buntis; pregnant; pregnancy,,,,,,
pregnant-weeks,history,Pregnant weeks,Gestational age,Linggo ng pagbubuntis,linggo ng pagbubuntis; weeks pregnant,,,,,,
pregnant-woman,history,Pregnant woman,Pregnant woman,Buntis na babae,buntis na babae; pregnant woman,,,,,,
pressure-applied,history,Pressure applied,Direct pressure,Diniinan,diniinan ang sugat; direct pressure; pressure applied,,,,,,
previous-cesarean,history,Previous cesarean,Prior cesarean section,Na-cesarean na,na-cesarean; previous cesarean; previous c-section,,,,,,
pulse-rate,history,Pulse rate,Pulse rate,Pulso,pulse rate; pulse,,,,,,
recently-traveled,history,Recently traveled,Recent travel,Kakagaling lang sa biyahe,kakagaling lang sa biyahe; recent travel; recently traveled,,,,,,
recurrent,history,Recurrent,Recurrent,Paulit-ulit,paulit-ulit; recurrent; recurring,,,,,,
respiratory-rate,history,Respiratory rate,Respiratory rate,Bilis ng paghinga,bilis ng paghinga; respiratory rate; breathing rate,,,,,,
same-as-before,history,Same as before,Unchanged,Hindi nagbabago,hindi nagbabago; same as before; unchanged,,,,,,
seafood-allergy,history,Seafood allergy,Seafood allergy,Allergy sa seafood,allergy sa seafood; allergic sa hipon; seafood allergy,,,,,,
smoker,history,Smoker,Smoker,Naninigarilyo,naninigarilyo; smoker; smokes; smoking,,,,,,
splint-applied,history,Splint applied,Splint,Splint,splint; splinted,,,,,,
started-today,history,Started today,Onset today,Nagsimula ngayon,nagsimula ngayon; started today,,,,,,
started-yesterday,history,Started yesterday,Onset yesterday,Nagsimula kahapon,nagsimula kahapon; started yesterday,,,,,,
sudden-onset,history,Sudden onset,Sudden onset,Biglaan,biglaan; bigla; sudden onset; suddenly,,,,,,
surgery-history,history,Surgery history,Past surgery,Naoperahan,naoperahan; operasyon; past surgery; had surgery,,,,,,
takes-antiepileptics,history,Takes antiepileptics,Antiepileptic use,Gamot sa epilepsy,gamot sa epilepsy; antiepileptic; anti-seizure,,,,,,
takes-antihypertensives,history,Takes antihypertensives,Antihypertensive use,Gamot sa presyon,gamot sa presyon; antihypertensive,,,,,,
takes-aspirin,history,Takes aspirin,Aspirin use,Umiinom ng aspirin,aspirin; umiinom ng aspirin,,,,,,
takes-blood-thinners,history,Takes blood thinners,Anticoagulant use,Umiinom ng pampanipis ng dugo,pampanipis ng dugo; blood thinner; blood thinners; anticoagulant,,,,,,
takes-diabetes-medicine,history,Takes diabetes medicine,Antidiabetic use,Gamot sa diabetes,gamot sa diabetes; metformin,,,,,,
takes-insulin,history,Takes insulin,Insulin use,Gumagamit ng insulin,insulin; gumagamit ng insulin; on insulin,,,,,,
takes-maintenance-medicine,history,Takes maintenance medicine,Maintenance medication,Maintenance,maintenance; maintenance medicine; maintenance na gamot,,,,,,
teenager,history,Teenager,Adolescent,Teenager,teenager; adolescent,,,,,,
temperature,history,Temperature,Temperature,Temperatura,temperatura; temperature; temp,,,,,,
tetanus-shot,history,Tetanus shot,Tetanus vaccination,Anti-tetano,anti-tetano; tetanus shot; tetanus vaccine,,,,,,
time-of-injury,history,Time of injury,Time of injury,Oras ng aksidente,oras ng aksidente; time of injury,,,,,,
time-of-onset,history,Time of onset,Time of onset,Oras ng simula,oras ng simula; time of onset; onset,,,,,,
tourniquet-applied,history,Tourniquet applied,Tourniquet,Tourniquet,tourniquet; tinalian,,,,,,
traditional-healer,history,Traditional healer,Traditional healer,Albularyo,albularyo; manghihilot; hilot; traditional healer,,,,,,
unknown-age,history,Unknown age,Unknown age,Hindi alam ang edad,hindi alam ang edad; unknown age,,,,,,
unknown-identity,history,Unknown identity,Unidentified,Hindi kilala,hindi kilala; unknown identity; unidentified,,,,,,
unwitnessed,history,Unwitnessed,Unwitnessed,Walang nakakita,walang nakakita; unwitnessed,,,,,,
uses-drugs,history,Uses drugs,Drug use,Gumagamit ng droga,uses drugs; substance abuse,,,,,,
uses-inhaler,history,Uses inhaler,Inhaler use,Gumagamit ng inhaler,inhaler; gumagamit ng inhaler; uses inhaler,,,,,,
uses-nebulizer,history,Uses nebulizer,Nebulizer use,Nebulizer,nebulizer; nebulize,,,,,,
vaccinated,history,Vaccinated,Vaccinated,Bakunado,bakunado; vaccinated,,,,,,
vital-signs,history,Vital signs,Vital signs,Vital signs,vital signs; vitals,,,,,,
water-given,history,Water given,Fluids given,Binigyan ng tubig,binigyan ng tubig; water given,,,,,,
weeks-of-gestation,history,Weeks of gestation,Gestational weeks,Linggo na buntis,linggo na buntis; weeks of gestation,,,,,,
witnessed-collapse,history,Witnessed collapse,Witnessed collapse,Nakitang bumagsak,nakitang bumagsak; witnessed collapse; collapsed,,,,,,
abdominal-injury,injury,Abdominal injury,Abdominal trauma,Napinsala ang tiyan,napinsala ang tiyan; abdominal injury,Trauma team; Surgical team,,,,,
animal-attack,injury,Animal attack,Animal attack,Inatake ng hayop,inatake ng hayop; animal attack,Trauma team,,,,,
animal-bite,injury,Animal bite,Animal bite,Kinagat ng hayop,animal bite; cat bite; dog bite; kinagat ng aso; kinagat ng hayop; kinagat ng pusa; nakagat ng hayop,Wound care; Animal bite service,,,,,
back-injury-from-fall,injury,Back injury from fall,Spinal injury from fall,Nahulog at masakit ang likod,nahulog at masakit ang likod; back pain after fall,Spinal precautions,,,,,
beaten,injury,Beaten,Assault,Binugbog,binugbog; sinaktan; binugbog; beaten; assaulted; assault,Trauma team,,,,,
blast-injury,injury,Blast injury,Blast injury,Natamaan ng pagsabog,natamaan ng pagsabog; blast injury; explosion injury,Trauma team; Blood / OR,,,,,
broken-ankle,injury,Broken ankle,Ankle fracture,Nabali ang bukung-bukong,nabali ang bukung-bukong; broken ankle,X-ray / ortho,,,,,
broken-arm,injury,Broken arm,Arm fracture,Nabali ang braso,nabali ang braso; broken arm,X-ray / ortho,,,,,
broken-back,injury,Broken back,Vertebral fracture,Nabali ang likod,nabali ang likod; broken back; spinal fracture,Trauma team; Spinal precautions,,,,,
broken-cheekbone,injury,Broken cheekbone,Zygomatic fracture,Nabali ang pisngi,nabali ang pisngi; broken cheekbone,X-ray / ortho,,,,,
broken-collarbone,injury,Broken collarbone,Clavicle fracture,Nabali ang balagat,nabali ang balagat; broken collarbone,X-ray / ortho,,,,,
broken-elbow,injury,Broken elbow,Elbow fracture,Nabali ang siko,nabali ang siko; broken elbow,X-ray / ortho,,,,,
broken-finger,injury,Broken finger,Finger fracture,Nabali ang daliri,nabali ang daliri; broken finger,X-ray / ortho,,,,,
broken-foot,injury,Broken foot,Foot fracture,Nabali ang paa,nabali ang paa; broken foot,X-ray / ortho,,,,,
broken-hip,injury,Broken hip,Hip fracture,Nabali ang balakang,nabali ang balakang; broken hip,X-ray / ortho,,,,,
broken-jaw,injury,Broken jaw,Mandible fracture,Nabali ang panga,nabali ang panga; broken jaw,X-ray / ortho,,,,,
broken-knee,injury,Broken knee,Knee fracture,Nabali ang tuhod,nabali ang tuhod; broken knee,X-ray / ortho,,,,,
broken-leg,injury,Broken leg,Leg fracture,Nabali ang binti,nabali ang binti; broken leg,X-ray / ortho,,,,,
broken-nose,injury,Broken nose,Nasal fracture,Nabali ang ilong,nabali ang ilong; broken nose,X-ray / ortho,,,,,
broken-pelvis,injury,Broken pelvis,Pelvic fracture,Nabali ang balakang,broken pelvis; pelvic fracture,Trauma team; Blood / OR,,,,,
broken-ribs,injury,Broken ribs,Rib fracture,Nabali ang tadyang,nabali ang tadyang; broken ribs; rib fracture,X-ray / ortho,,,,,
broken-shoulder,injury,Broken shoulder,Shoulder fracture,Nabali ang balikat,nabali ang balikat; broken shoulder,X-ray / ortho,,,,,
broken-thigh,injury,Broken thigh,Femur fracture,Nabali ang hita,nabali ang hita; broken thigh; broken femur,X-ray / ortho,,,,,
broken-wrist,injury,Broken wrist,Wrist fracture,Nabali ang pulso,nabali ang pulso; broken wrist,X-ray / ortho,,,,,
bruise,injury,Bruise,Contusion,Pasa,pasa; contusion; bruise,,,,,,
burn,injury,Burn,Burn injury,Napaso,burn; burned; burns; nagkapaso; napaso; nasunog; nasunog ang balat; paso; sunog; sunog ang balat,Burn care,,,,,
burn-on-foot,injury,Burn on foot,Foot burn,Napaso ang paa,napaso ang paa; nasunog ang paa; burn on foot; burned foot,Burn care,,,,,
burn-on-hand,injury,Burn on hand,Hand burn,Napaso ang kamay,napaso ang kamay; nasunog ang kamay; burn on hand; burned hand,Burn care,,,,,
chemical-burn,injury,Chemical burn,Chemical burn,Napaso ng kemikal,napaso ng kemikal; chemical burn,Burn care; Decontamination,,,,,
chemical-in-eye,injury,Chemical in eye,Chemical eye injury,Natalsikan ng kemikal ang mata,natalsikan ng kemikal ang mata; chemical in eye; chemical splash,Decontamination; Eye / ENT,,,,,
chest-injury,injury,Chest injury,Chest trauma,Napinsala ang dibdib,napinsala ang dibdib; chest injury; chest trauma,Trauma team,,,,,
concussion,injury,Concussion,Concussion,Concussion,concussion; nabagok; nauntog at nahilo,CT / neurosurgery; Neuro obs,,,,,
crush-injury,injury,Crush injury,Crush injury,Naipit ang katawan,crush injury; nadaganan,Trauma team; Cardiac monitor; IV fluids,,,,,
cut,injury,Cut,Laceration,Hiwa,cut; hiwa; laceration; nahiwa,Suturing,,,,,
cut-by-glass,injury,Cut by glass,Glass laceration,Nahiwa ng salamin,nahiwa ng salamin; cut by glass,Suturing,,,,,
cut-by-knife,injury,Cut by knife,Knife laceration,Nahiwa ng kutsilyo,nahiwa ng kutsilyo; cut by knife,Suturing,,,,,
cut-by-machine,injury,Cut by machine,Machine injury,Naipit sa makina,naipit sa makina; machine injury,Wound care,,,,,
deep-cut,injury,Deep cut,Deep laceration,Malalim na hiwa,malalim na hiwa; malalim na sugat; deep cut; deep wound,Suturing,,,,,
deep-wound-on-arm,injury,Deep wound on arm,Arm laceration,Malalim na sugat sa braso,malalim na sugat sa braso; deep wound on arm; deep arm wound,Suturing; Haemostasis,,,,,
deep-wound-on-leg,injury,Deep wound on leg,Leg laceration,Malalim na sugat sa binti,malalim na sugat sa binti; deep wound on leg; deep leg wound,Suturing; Haemostasis,,,,,
dislocated-finger,injury,Dislocated finger,Finger dislocation,Nalinsad ang daliri,nalinsad ang daliri; dislocated finger,X-ray / ortho,,,,,
dislocated-hip,injury,Dislocated hip,Hip dislocation,Nalinsad ang balakang,nalinsad ang balakang; dislocated hip,X-ray / ortho,,,,,
dislocated-knee,injury,Dislocated knee,Knee dislocation,Nalinsad ang tuhod,nalinsad ang tuhod; dislocated knee,X-ray / ortho,,,,,
dislocated-shoulder,injury,Dislocated shoulder,Shoulder dislocation,Nalinsad ang balikat,nalinsad ang balikat; dislocated shoulder,X-ray / ortho,,,,,
dislocation,injury,Dislocation,Dislocation,Nalinsad,dislocated; dislocation; linsad; lumabas sa kasukasuan; nalinsad; out of place,X-ray / ortho,,,,,
dog-attack,injury,Dog attack,Dog attack,Inatake ng aso,inatake ng aso; dog attack; attacked by a dog,Wound care; Animal bite service,,,,,
dog-bite,injury,Dog bite,Dog bite,Nakagat ng aso,dog bite; kinagat ng aso; nakagat ng aso; nakagat ng asong ligaw; nangagat ang aso,Wound care; Animal bite service,,,,,
electric-shock,injury,Electric shock,Electrocution,Nakuryente,nakuryente; kuryente; electric shock; electrocuted; electrocution,Cardiac monitor,,,,,
electrical-burn,injury,Electrical burn,Electrical burn,Nakuryente ang balat,electrical burn,Burn care,,,,,
eye-injury,injury,Eye injury,Eye injury,Napinsala ang mata,napinsala ang mata; eye injury,Eye / ENT,,,,,
eye-wound,injury,Eye wound,Eye laceration,Sugat sa mata,sugat sa mata; natusok ang mata; eye wound; stabbed in the eye; pierced eye,Eye / ENT,,,,,
facial-burns,injury,Facial burns,Facial burn,Nasunog ang mukha,nasunog ang mukha; napaso ang mukha; facial burns; burns on face; burned face,Burn care; Oxygen / airway,,,,,
facial-injury,injury,Facial injury,Facial trauma,Napinsala ang mukha,napinsala ang mukha; facial injury,Trauma team,,,,,
fall-from-bed,injury,Fall from bed,Fall from bed,Nahulog sa kama,nahulog sa kama; fell from bed,X-ray / ortho,,,,,
fall-from-height,injury,Fall from height,Fall from height,Nahulog mula sa mataas,fall from height; fell from height; nahulog mula sa mataas; nahulog mula sa taas; nahulog sa bubong; nahulog sa mataas na lugar; nahulog sa puno,Trauma team; Spinal precautions,,,,,
fall-from-stairs,injury,Fall from stairs,Fall down stairs,Nahulog sa hagdan,nahulog sa hagdan; fell down stairs,Trauma team; Spinal precautions,,,,,
fall-injury,injury,Fall injury,Fall injury,Nahulog,nahulog; natumba; fall injury; fell,X-ray / ortho,,,,,
fall-on-head,injury,Fall on head,Head impact,Bumagsak ang ulo,bumagsak ang ulo; naumpog ang ulo; fell on head; landed on head,CT / neurosurgery,,,,,
finger-cut-off,injury,Finger cut off,Finger amputation,Naputol ang daliri,naputol ang daliri; finger cut off; severed finger; amputated finger,Trauma team; Blood / OR; Surgical team,,,,,
finger-injury,injury,Finger injury,Finger injury,Napinsala ang daliri,napinsala ang daliri; finger injury; finger cut off,,,,,,
first-degree-burn,injury,First degree burn,Superficial burn,First degree burn,first degree burn; superficial burn,Burn care,,,,,
fishbone-stuck,injury,Fishbone stuck,Fishbone in throat,Natinik,natinik; fishbone stuck; fishbone in throat,,,,,,
fishhook-injury,injury,Fishhook injury,Fishhook injury,Natusok ng pamingwit,natusok ng pamingwit; fishhook,,,,,,
foot-injury,injury,Foot injury,Foot injury,Napinsala ang paa,napinsala ang paa; foot injury,,,,,,
foreign-body-in-eye,injury,Foreign body in eye,Ocular foreign body,May pumasok sa mata,may pumasok sa mata; may nakapasok sa mata; foreign body in eye,Eye / ENT,,,,,
fracture,injury,Fracture,Fracture,Nabali ang buto,bali; baling buto; broken; broken bone; fracture; may bali; nabali; nabali ang buto; nabalian,X-ray / ortho,,,,,
frostbite,injury,Frostbite,Frostbite,Frostbite,frostbite,Active warming,,,,,
gunshot-to-abdomen,injury,Gunshot to abdomen,Gunshot wound to abdomen,Binaril sa tiyan,binaril sa tiyan; tama ng bala sa tiyan; gunshot to abdomen; shot in the abdomen; shot in the stomach,Trauma team; Surgical team; Blood / OR,,,,,
gunshot-to-chest,injury,Gunshot to chest,Gunshot wound to chest,Binaril sa dibdib,binaril sa dibdib; tama ng bala sa dibdib; gunshot to chest; shot in the chest,Trauma team; Blood / OR; Oxygen / airway,,,,,
gunshot-to-head,injury,Gunshot to head,Gunshot wound to head,Binaril sa ulo,binaril sa ulo; tama ng bala sa ulo; gunshot to head; shot in the head; gunshot wound to head,Trauma team; CT / neurosurgery; Blood / OR,,,,,
gunshot-to-limb,injury,Gunshot to limb,Gunshot wound to extremity,Binaril sa braso o binti,binaril sa braso; binaril sa binti; gunshot to arm; gunshot to leg; shot in the leg; shot in the arm,Trauma team; Haemostasis,,,,,
gunshot-wound,injury,Gunshot wound,Gunshot wound,Binaril,binaril; gunshot; gunshot wound; natamaan ng bala; shot; tama ng bala; tama ng baril; tinamaan ng bala,Trauma team; Blood / OR,,,,,
hacked-with-bolo,injury,Hacked with bolo,Hack wound,Tinaga,tinaga; hacked; bolo wound,Trauma team; Blood / OR,,,,,
hand-cut-off,injury,Hand cut off,Hand amputation,Naputol ang kamay,naputol ang kamay; hand cut off; severed hand; amputated hand,Trauma team; Blood / OR; Surgical team,,,,,
hand-injury,injury,Hand injury,Hand injury,Napinsala ang kamay,napinsala ang kamay; hand injury,,,,,,
head-injury,injury,Head injury,Head injury,Nauntog ang ulo,head injury; hit head; hit her head; hit his head; nabagok; nabagok ang ulo; nauntog; nauntog ang ulo; tinamaan ang ulo,,,,,,
heat-exhaustion,injury,Heat exhaustion,Heat exhaustion,Pagod sa init,pagod sa init; heat exhaustion,IV fluids,,,,,
heat-stroke,injury,Heat stroke,Heat stroke,Heat stroke,heat stroke; heatstroke; na-heat stroke; nahilo sa init; nasobrahan sa init,Resus bay; Active cooling,,,,,
hit-by-bottle,injury,Hit by bottle,Blunt trauma,Natamaan ng bote,natamaan ng bote; hit by bottle,,,,,,
hit-by-falling-object,injury,Hit by falling object,Falling object injury,Natamaan ng nahulog na bagay,natamaan ng nahulog na bagay; hit by falling object,Trauma team,,,,,
hit-by-punch,injury,Hit by punch,Punch injury,Sinuntok,sinuntok; punched,,,,,,
hit-by-stone,injury,Hit by stone,Blunt trauma,Natamaan ng bato,natamaan ng bato; hit by a stone; hit by rock,,,,,,
hit-on-head,injury,Hit on head,Head blow,Tinamaan sa ulo,tinamaan sa ulo; nahampas sa ulo; hit on the head; struck on the head; hit in the head,CT / neurosurgery,,,,,
hot-oil-burn,injury,Hot oil burn,Oil scald,Napaso ng mainit na mantika,napaso ng mainit na mantika; mainit na mantika; hot oil burn,Burn care,,,,,
human-bite,injury,Human bite,Human bite,Kinagat ng tao,kinagat ng tao; human bite,Wound care; Animal bite service,,,,,
hypothermia,injury,Hypothermia,Hypothermia,Lamig na lamig ang katawan,hypothermia; nanlalamig ang katawan; sobrang lamig ng katawan,Active warming,,,,,
insect-sting,injury,Insect sting,Insect sting,Kinagat ng insekto,kinagat ng insekto; kinagat ng bubuyog; tinusok ng bubuyog; insect sting; bee sting,,,,,,
jellyfish-sting,injury,Jellyfish sting,Jellyfish sting,Tinusok ng dikya,tinusok ng dikya; jellyfish sting,,,,,,
kicked,injury,Kicked,Kick injury,Sinipa,sinipa; kicked,,,,,,
knee-injury,injury,Knee injury,Knee injury,Napinsala ang tuhod,napinsala ang tuhod; knee injury,,,,,,
knocked-out-tooth,injury,Knocked out tooth,Avulsed tooth,Natanggal ang ngipin,natanggal ang ngipin; knocked out tooth,,,,,,
large-burn,injury,Large burn,Extensive burn,Malaking bahagi ng katawan ang paso,malaking paso; malawak na paso; large burn; extensive burns; burns over large area,Burn care; Trauma team,,,,,
leg-cut-off,injury,Leg cut off,Leg amputation,Naputol ang binti,naputol ang binti; naputol ang paa; leg cut off; severed leg; amputated leg,Trauma team; Blood / OR; Surgical team,,,,,
leg-injury,injury,Leg injury,Leg injury,Napinsala ang binti,napinsala ang binti; leg injury,,,,,,
lightning-strike,injury,Lightning strike,Lightning injury,Tinamaan ng kidlat,tinamaan ng kidlat; lightning strike,Cardiac monitor,,,,,
multiple-bee-stings,injury,Multiple bee stings,Multiple stings,Maraming tusok ng bubuyog,maraming tusok ng bubuyog; inatake ng bubuyog; multiple bee stings; swarm of bees,,,,,,
muscle-tear,injury,Muscle tear,Muscle tear,Napunit ang kalamnan,napunit ang kalamnan; muscle tear,X-ray / ortho,,,,,
nail-puncture,injury,Nail puncture,Nail puncture,Natusok ng pako,natusok ng pako; nail puncture; stepped on nail,Wound care,,,,,
near-drowning,injury,Near drowning,Near drowning,Muntik malunod,muntik malunod; muntik nang malunod; near drowning,Airway + warming,,,,,
neck-injury,injury,Neck injury,Cervical injury,Napinsala ang leeg,napinsala ang leeg; neck injury,Spinal precautions; CT / neurosurgery,,,,,
neck-pain-after-accident,injury,Neck pain after accident,Cervical pain after trauma,Masakit ang leeg pagkatapos ng aksidente,masakit ang leeg pagkatapos ng aksidente; neck pain after accident,Spinal precautions,,,,,
object-in-ear,injury,Object in ear,Ear foreign body,May pumasok sa tainga,may pumasok sa tainga; may nakapasok sa tainga; object in ear,Eye / ENT,,,,,
object-in-nose,injury,Object in nose,Nasal foreign body,May pumasok sa ilong,may pumasok sa ilong; may nakapasok sa ilong; object in nose,Eye / ENT,,,,,
open-fracture,injury,Open fracture,Open fracture,Bukas na bali,bukas na bali; open fracture; compound fracture,X-ray / ortho; Wound care,,,,,
open-head-wound,injury,Open head wound,Scalp laceration,Bukas na sugat sa ulo,bukas na sugat sa ulo; open head wound; scalp wound; scalp laceration,Suturing; CT / neurosurgery,,,,,
pelvic-injury,injury,Pelvic injury,Pelvic trauma,Napinsala ang balakang,napinsala ang balakang; pelvic injury,Trauma team,,,,,
pulled-from-water,injury,Pulled from water,Water rescue,Naiahon sa tubig,naiahon sa tubig; iniahon sa tubig; nailigtas sa tubig; pulled from water; water rescue,Airway + warming,,,,,
pulled-muscle,injury,Pulled muscle,Muscle strain,Napuwersa ang kalamnan,napuwersa; pulled muscle,X-ray / ortho,,,,,
puncture-wound,injury,Puncture wound,Puncture wound,Tusok,natusok; tusok; puncture wound; stab wound,Wound care,,,,,
rat-bite,injury,Rat bite,Rat bite,Nakagat ng daga,nakagat ng daga; rat bite,Wound care; Animal bite service,,,,,
sank-underwater,injury,Sank underwater,Submersion,Lumubog sa tubig,lumubog sa tubig; nalubog sa tubig; submerged; sank underwater,Airway + warming,,,,,
scald,injury,Scald,Scald,Napaso ng mainit na tubig,napaso ng mainit na tubig; scald; scalded,Burn care,,,,,
scrape,injury,Scrape,Abrasion,Galos,galos; gasgas; abrasion; scrape; scraped,Wound care,,,,,
second-degree-burn,injury,Second degree burn,Partial thickness burn,Second degree burn,second degree burn; partial thickness burn,Burn care,,,,,
skull-fracture,injury,Skull fracture,Skull fracture,Nabasag ang bungo,nabasag ang bungo; skull fracture; cracked skull,CT / neurosurgery; Trauma team,,,,,
slapped,injury,Slapped,Slap injury,Sinampal,sinampal; slapped,,,,,,
slashed-neck,injury,Slashed neck,Neck laceration,Hiniwa ang leeg,hiniwa ang leeg; slashed neck; cut throat; neck laceration,Trauma team; Oxygen / airway; Haemostasis,,,,,
slip-and-fall,injury,Slip and fall,Slip and fall,Nadulas,nadulas; slipped; slip and fall,X-ray / ortho,,,,,
snake-bite,injury,Snake bite,Snake bite,Tinuklaw ng ahas,kinagat ng ahas; natuklaw; natuklaw ng ahas; snake bite; snakebite; tinuklaw; tinuklaw ng ahas,Antivenom; Cardiac monitor,,,,,
spinal-injury,injury,Spinal injury,Spinal injury,Napinsala ang gulugod,napinsala ang gulugod; spinal injury; back injury; spine injury,Spinal precautions; CT / neurosurgery,,,,,
splinter,injury,Splinter,Splinter,Tinik,tinik; splinter; thorn,Wound care,,,,,
sports-injury,injury,Sports injury,Sports injury,Nasaktan sa laro,nasaktan sa laro; sports injury,X-ray / ortho,,,,,
sprain,injury,Sprain,Sprain,Na-sprain,na-sprain; napilay; sprain; sprained,X-ray / ortho,,,,,
stab-wound,injury,Stab wound,Stab wound,Sinaksak,nasaksak; saksak; sinaksak; stab wound; stabbed,Trauma team; Blood / OR,,,,,
stab-wound-to-abdomen,injury,Stab wound to abdomen,Stab wound to abdomen,Sinaksak sa tiyan,sinaksak sa tiyan; saksak sa tiyan; stab wound to abdomen; stabbed in the stomach; stabbed in the abdomen,Trauma team; Surgical team,,,,,
stab-wound-to-back,injury,Stab wound to back,Stab wound to back,Sinaksak sa likod,sinaksak sa likod; saksak sa likod; stabbed in the back,Trauma team; Spinal precautions,,,,,
stab-wound-to-chest,injury,Stab wound to chest,Stab wound to chest,Sinaksak sa dibdib,sinaksak sa dibdib; saksak sa dibdib; stab wound to chest; stabbed in the chest,Trauma team; Blood / OR; Oxygen / airway,,,,,
stab-wound-to-neck,injury,Stab wound to neck,Stab wound to neck,Sinaksak sa leeg,sinaksak sa leeg; saksak sa leeg; stab wound to neck; stabbed in the neck,Trauma team; Oxygen / airway; Haemostasis,,,,,
strain,injury,Strain,Strain,Napuwersa ang kalamnan,napuwersa ang kalamnan; muscle strain,X-ray / ortho,,,,,
struck-by-object,injury,Struck by object,Blunt trauma,Natamaan ng bagay,natamaan ng bagay; tinamaan ng; struck by object; hit by object; blunt trauma,Trauma team,,,,,
struck-with-weapon,injury,Struck with weapon,Weapon injury,Tinamaan ng sandata,tinamaan ng sandata; struck with weapon,,,,,,
sunburn,injury,Sunburn,Sunburn,Nasunog sa araw,nasunog sa araw; sunburn,Burn care,,,,,
swallowed-alcohol,injury,Swallowed alcohol,Alcohol ingestion,Nakainom ng labis na alak,nakainom ng labis na alak; uminom ng sobrang alak; drank too much alcohol,Poison control / toxicology,,,,,
swallowed-battery,injury,Swallowed battery,Battery ingestion,Nakalunok ng baterya,nakalunok ng baterya; swallowed battery,,,,,,
swallowed-coin,injury,Swallowed coin,Coin ingestion,Nakalunok ng barya,nakalunok ng barya; swallowed coin,,,,,,
swallowed-kerosene-or-gasoline,injury,Swallowed kerosene or gasoline,Hydrocarbon ingestion,Nakainom ng gasolina o kerosene,nakainom ng gasolina; nakainom ng kerosene; swallowed gasoline; swallowed kerosene,Poison control / toxicology,,,,,
swallowed-object,injury,Swallowed object,Foreign body ingestion,Nakalunok,nakalunok; nakalunok ng bagay; swallowed object; foreign body ingestion,,,,,,
swallowed-pesticide,injury,Swallowed pesticide,Pesticide ingestion,Nakainom ng pestisidyo,nakainom ng pestisidyo; nainom ang pestisidyo; swallowed pesticide; drank pesticide,Poison control / toxicology,,,,,
third-degree-burn,injury,Third degree burn,Full thickness burn,Third degree burn,third degree burn; full thickness burn; malalim na paso,Burn care,,,,,
torn-ligament,injury,Torn ligament,Ligament tear,Napunit ang litid,napunit ang litid; torn ligament,X-ray / ortho,,,,,
tripped,injury,Tripped,Trip,Natisod,natisod; tripped,X-ray / ortho,,,,,
twisted-ankle,injury,Twisted ankle,Ankle sprain,Napilayan ang bukung-bukong,napilayan ang bukung-bukong; na-twist ang paa; twisted ankle; rolled ankle,X-ray / ortho,,,,,
whiplash,injury,Whiplash,Whiplash,Whiplash,whiplash,Spinal precautions; CT / neurosurgery,,,,,
work-injury,injury,Work injury,Occupational injury,Nasaktan sa trabaho,nasaktan sa trabaho; work injury; workplace injury,,,,,,
wound,injury,Wound,Wound,Sugat,may sugat; nasugatan; sugat; sugatan; wound; wounds,Suturing,,,,,
wound-on-face,injury,Wound on face,Facial laceration,Sugat sa mukha,sugat sa mukha; nasugatan ang mukha; wound on face; cut on face,Suturing,,,,,
wound-on-foot,injury,Wound on foot,Foot laceration,Sugat sa paa,sugat sa paa; nasugatan ang paa; wound on foot; cut on foot,Suturing,,,,,
wound-on-hand,injury,Wound on hand,Hand laceration,Sugat sa kamay,sugat sa kamay; nasugatan ang kamay; wound on hand; cut on hand,Suturing,,,,,
wound-on-head,injury,Wound on head,Head laceration,Sugat sa ulo,sugat sa ulo; nasugatan ang ulo; wound on head; cut on head,Suturing,,,,,
alcohol-poisoning,mechanism,Alcohol poisoning,Alcohol intoxication,Sobrang lasing,alcohol poisoning; sobrang lasing,Poison control / toxicology,,,,,
allergic-reaction,mechanism,Allergic reaction,Allergic reaction,Allergic reaction,allergic reaction; allergy reaction; may allergy; nagka-allergy; namantal,,,,,,
anaphylaxis,mechanism,Anaphylaxis,Anaphylaxis,Anaphylaxis,anaphylaxis; anaphylactic; matinding allergic reaction,Resus bay; Oxygen / airway,,,,,
animal-trampling,mechanism,Animal trampling,Animal trauma,Natapakan ng hayop,natapakan ng hayop; trampled by animal,,,,,,
ashfall,mechanism,Ashfall,Ashfall,Ashfall,ashfall,,,,,,
baby-fell,mechanism,Baby fell,Infant fall,Nahulog ang sanggol,nahulog ang sanggol; nahulog ang baby; baby fell,Trauma team,,,,,
bee-allergy,mechanism,Bee allergy,Insect allergy,Allergy sa bubuyog,allergy sa bubuyog; bee allergy,,,,,,
bicycle-crash,mechanism,Bicycle crash,Bicycle accident,Nahulog sa bisikleta,nahulog sa bisikleta; bicycle crash,Trauma team; Spinal precautions,,,,,
boat-accident,mechanism,Boat accident,Boat accident,Aksidente sa bangka,aksidente sa bangka; lumubog ang bangka; boat accident; capsized,,,,,,
boat-capsized,mechanism,Boat capsized,Boat capsize,Tumaob ang bangka,tumaob ang bangka; boat capsized; capsized boat,Airway + warming,,,,,
brawl,mechanism,Brawl,Fight injury,Away,nag-away; napaaway; brawl; fight; fistfight,Trauma team,,,,,
building-collapse,mechanism,Building collapse,Structural collapse,Gumuho ang gusali,gumuho ang gusali; building collapse,Trauma team; Cardiac monitor; IV fluids,,,,,
buried-by-landslide,mechanism,Buried by landslide,Landslide burial,Nalibing sa guho,nalibing sa guho; buried by landslide; buried in landslide,Trauma team; Cardiac monitor; IV fluids,,,,,
buried-in-rubble,mechanism,Buried in rubble,Rubble entrapment,Natabunan ng guho,natabunan ng guho; buried in rubble; under rubble,Trauma team; Cardiac monitor; IV fluids,,,,,
bus-crash,mechanism,Bus crash,Bus accident,Aksidente sa bus,aksidente sa bus; bus crash,Trauma team; Spinal precautions,,,,,
bus-fell,mechanism,Bus fell,Bus accident,Nahulog ang bus,nahulog ang bus; bus fell; bus plunged,Trauma team; Spinal precautions,,,,,
car-crash,mechanism,Car crash,Car collision,Aksidente sa kotse,aksidente sa kotse; car crash; car accident,Trauma team; Spinal precautions,,,,,
carbon-monoxide,mechanism,Carbon monoxide,Carbon monoxide poisoning,Carbon monoxide,carbon monoxide; nalanghap na usok,,,,,,
chainsaw-injury,mechanism,Chainsaw injury,Chainsaw injury,Nahiwa ng chainsaw,nahiwa ng chainsaw; chainsaw injury,Trauma team; Haemostasis,,,,,
chemical-exposure,mechanism,Chemical exposure,Chemical exposure,Nalantad sa kemikal,nalantad sa kemikal; chemical exposure,Decontamination,,,,,
chemical-spill,mechanism,Chemical spill,Chemical spill,Natapon ang kemikal,natapon ang kemikal; chemical spill,Decontamination,,,,,
child-abuse,mechanism,Child abuse,Child abuse,Pang-aabuso sa bata,pang-aabuso sa bata; child abuse,Protection services,,,,,
child-burned,mechanism,Child burned,Pediatric burn,Napaso ang bata,napaso ang bata; child burned,Burn care; Paediatrics,,,,,
child-choking,mechanism,Child choking,Pediatric choking,Nabulunan ang bata,nabulunan ang bata; child choking; baby choking,Oxygen / airway; Paediatrics,,,,,
child-fell,mechanism,Child fell,Pediatric fall,Nahulog ang bata,nahulog ang bata; child fell,Trauma team,,,,,
child-fell-into-water,mechanism,Child fell into water,Child submersion,Nahulog ang bata sa tubig,nahulog ang bata sa tubig; child fell into water,Airway + warming,,,,,
child-poisoned,mechanism,Child poisoned,Pediatric poisoning,Nalason ang bata,nalason ang bata; child poisoned,Poison control / toxicology,,,,,
child-swallowed-object,mechanism,Child swallowed object,Pediatric foreign body,Nakalunok ang bata,nakalunok ang bata; child swallowed,Paediatrics,,,,,
childbirth,mechanism,Childbirth,Childbirth,Panganganak,childbirth; delivering; giving birth; manganganak; nanganak; nanganganak; nanganganak na; panganganak,OB / delivery,,,,,
cold-exposure,mechanism,Cold exposure,Cold exposure,Nabilad sa lamig,nabilad sa lamig; cold exposure; exposed to cold,Active warming,,,,,
collapsed-roof,mechanism,Collapsed roof,Roof collapse,Gumuho ang bubong,gumuho ang bubong; collapsed roof; roof collapse,Trauma team; Cardiac monitor; IV fluids,,,,,
collapsed-wall,mechanism,Collapsed wall,Wall collapse,Gumuho ang pader,gumuho ang pader; collapsed wall; wall collapse,Trauma team; Cardiac monitor; IV fluids,,,,,
conveyor-accident,mechanism,Conveyor accident,Conveyor injury,Aksidente sa conveyor,aksidente sa conveyor; conveyor accident,Trauma team,,,,,
crane-accident,mechanism,Crane accident,Crane accident,Aksidente sa crane,aksidente sa crane; crane accident,Trauma team,,,,,
diving-accident,mechanism,Diving accident,Diving accident,Aksidente sa pagsisid,aksidente sa pagsisid; diving accident,,,,,,
domestic-violence,mechanism,Domestic violence,Domestic violence,Karahasan sa tahanan,karahasan sa tahanan; domestic violence,Protection services,,,,,
drowning,mechanism,Drowning,Drowning,Nalunod,drowned; drowning; lunod; nalubog; nalulunod; nalunod,,,,,,
drowning-in-bathtub,mechanism,Drowning in bathtub,Bathtub drowning,Nalunod sa batya,nalunod sa batya; bathtub drowning,Airway + warming,,,,,
drowning-in-flood,mechanism,Drowning in flood,Flood drowning,Nalunod sa baha,nalunod sa baha; flood drowning,Airway + warming,,,,,
drowning-in-pool,mechanism,Drowning in pool,Pool drowning,Nalunod sa swimming pool,nalunod sa swimming pool; nalunod sa pool; pool drowning,Airway + warming,,,,,
drowning-in-river,mechanism,Drowning in river,River drowning,Nalunod sa ilog,nalunod sa ilog; river drowning,Airway + warming,,,,,
drowning-in-sea,mechanism,Drowning in sea,Sea drowning,Nalunod sa dagat,nalunod sa dagat; sea drowning,Airway + warming,,,,,
drug-allergy,mechanism,Drug allergy,Drug allergy,Allergy sa gamot,allergy sa gamot; drug allergy,,,,,,
drug-overdose,mechanism,Drug overdose,Overdose,Sobrang dami ng gamot,nag-overdose; overdose; sobrang inom ng gamot; uminom ng sobrang gamot,Poison control / toxicology; Oxygen / airway,,,,,
dynamite-fishing-blast,mechanism,Dynamite fishing blast,Blast injury,Pumutok na dinamita,pumutok na dinamita; dynamite blast; dynamite fishing,Trauma team; Blood / OR; Burn care,,,,,
earthquake,mechanism,Earthquake,Earthquake,Lindol,lindol; earthquake,,,,,,
ejected-from-vehicle,mechanism,Ejected from vehicle,Ejection,Tumilapon,tumilapon; ejected from vehicle,Trauma team; Spinal precautions,,,,,
electrical-accident,mechanism,Electrical accident,Electrical accident,Aksidente sa kuryente,aksidente sa kuryente; electrical accident,Cardiac monitor,,,,,
electrocution,mechanism,Electrocution,Electrocution,Nakuryente,electrocution,Cardiac monitor,,,,,
explosion,mechanism,Explosion,Explosion,Pagsabog,pagsabog; sumabog; explosion; exploded,Trauma team; Blood / OR,,,,,
fall-at-construction-site,mechanism,Fall at construction site,Construction fall,Nahulog sa konstruksyon,nahulog sa konstruksyon; construction fall,Trauma team; Spinal precautions,,,,,
farm-accident,mechanism,Farm accident,Farm accident,Aksidente sa bukid,aksidente sa bukid; farm accident,Trauma team,,,,,
fell-from-bicycle,mechanism,Fell from bicycle,Bicycle fall,Nahulog sa bisikleta,nahulog sa bisikleta; fell from bicycle; fell off bicycle,Trauma team; Spinal precautions,,,,,
fell-from-coconut-tree,mechanism,Fell from coconut tree,Fall from tree,Nahulog sa niyog,nahulog sa niyog; fell from coconut tree,Trauma team; Spinal precautions,,,,,
fell-from-ladder,mechanism,Fell from ladder,Fall from ladder,Nahulog sa ladder,nahulog sa ladder; fell from ladder; fell off a ladder,Trauma team; Spinal precautions,,,,,
fell-from-motorcycle,mechanism,Fell from motorcycle,Motorcycle fall,Nahulog sa motor,nahulog sa motor; fell from motorcycle; fell off motorcycle,Trauma team; Spinal precautions,,,,,
fell-from-tree,mechanism,Fell from tree,Fall from tree,Nahulog sa puno,nahulog sa puno; fell from tree; fell from a tree,Trauma team; Spinal precautions,,,,,
fell-into-hole,mechanism,Fell into hole,Fall into hole,Nahulog sa butas,nahulog sa butas; fell into a hole; fell into hole,Trauma team,,,,,
fell-into-well,mechanism,Fell into well,Fall into well,Nahulog sa balon,nahulog sa balon; fell into well,Trauma team,,,,,
fell-off-boat,mechanism,Fell off boat,Fall overboard,Nahulog sa bangka,nahulog sa bangka; fell off boat; fell overboard,Airway + warming,,,,,
fell-on-stairs,mechanism,Fell on stairs,Fall on stairs,Nahulog sa hagdan,nahulog sa hagdan,Trauma team,,,,,
fire,mechanism,Fire,Fire,Sunog,sunog; nasunugan; fire; house fire,Burn care,,,,,
fire-in-house,mechanism,Fire in house,Structure fire,Nasunugan ang bahay,nasunugan ang bahay; house fire; nasunog na bahay,Burn care; Oxygen / airway,,,,,
firecracker-injury,mechanism,Firecracker injury,Firework injury,Napinsala ng paputok,paputok; napinsala ng paputok; firecracker injury; fireworks injury,Burn care; Trauma team,,,,,
fishing-accident,mechanism,Fishing accident,Fishing accident,Aksidente sa pangingisda,aksidente sa pangingisda; fishing accident,,,,,,
flood,mechanism,Flood,Flood,Baha,baha; nabaha; flood; flooding,,,,,,
food-allergy,mechanism,Food allergy,Food allergy,Allergy sa pagkain,allergy sa pagkain; food allergy,,,,,,
food-poisoning,mechanism,Food poisoning,Food poisoning,Nalason sa pagkain,nalason sa pagkain; food poisoning,Poison control / toxicology,,,,,
forklift-accident,mechanism,Forklift accident,Forklift accident,Aksidente sa forklift,aksidente sa forklift; forklift accident,Trauma team,,,,,
gang-violence,mechanism,Gang violence,Interpersonal violence,Away ng grupo,gang violence; away ng grupo; rambol,Trauma team,,,,,
gas-explosion,mechanism,Gas explosion,LPG explosion,Sumabog ang LPG,sumabog ang lpg; lpg explosion; gas explosion,Trauma team; Blood / OR,,,,,
gas-exposure,mechanism,Gas exposure,Toxic gas exposure,Nalanghap na gas,nalanghap na gas; gas exposure; toxic gas,Decontamination,,,,,
gas-leak,mechanism,Gas leak,Gas leak,Tumagas ang gas,tumagas ang gas; gas leak,Decontamination,,,,,
hand-caught-in-machine,mechanism,Hand caught in machine,Machine entrapment,Naipit ang kamay sa makina,naipit ang kamay sa makina; hand caught in machine,Trauma team,,,,,
hanging,mechanism,Hanging,Hanging,Binitay ang sarili,binitay ang sarili; hanged; hanging; nagbibigti; nagbigti,Resus bay; Spinal precautions,,,,,
head-on-collision,mechanism,Head-on collision,Head-on collision,Banggaang harapan,banggaang harapan; head-on collision,,,,,,
heat-exposure,mechanism,Heat exposure,Heat exposure,Nabilad sa init,nabilad sa init; heat exposure; exposed to heat,Active cooling,,,,,
helicopter-crash,mechanism,Helicopter crash,Aviation accident,Bumagsak na helikopter,bumagsak na helikopter; helicopter crash,Trauma team; Spinal precautions,,,,,
hit-and-run,mechanism,Hit and run,Hit and run,Hit and run,hit and run; hit-and-run; nasagasaan at tumakas,Trauma team,,,,,
hit-by-boat-propeller,mechanism,Hit by boat propeller,Propeller injury,Natamaan ng propeller,natamaan ng propeller; hit by boat propeller,Trauma team; Haemostasis,,,,,
hit-by-falling-tree,mechanism,Hit by falling tree,Falling tree injury,Natamaan ng natumbang puno,natamaan ng natumbang puno; hit by falling tree,Trauma team,,,,,
hit-by-flying-debris,mechanism,Hit by flying debris,Debris injury,Natamaan ng lumilipad na bagay,natamaan ng lumilipad na bagay; hit by flying debris; flying debris,Trauma team,,,,,
hit-by-vehicle,mechanism,Hit by vehicle,Pedestrian struck,Nasagasaan,nasagasaan; nabangga; hit by car; hit by vehicle; pedestrian struck,Trauma team; Spinal precautions,,,,,
hold-up,mechanism,Hold-up,Robbery injury,Hold-up,holdup; hold-up; robbery; hinoldap,Trauma team,,,,,
home-delivery,mechanism,Home delivery,Home birth,Nanganak sa bahay,nanganak sa bahay; home delivery; home birth,OB / delivery,,,,,
industrial-accident,mechanism,Industrial accident,Industrial accident,Aksidente sa pabrika,aksidente sa pabrika; industrial accident; factory accident,Trauma team; Cardiac monitor; IV fluids,,,,,
industrial-chemical-exposure,mechanism,Industrial chemical exposure,Occupational exposure,Nalantad sa kemikal sa trabaho,nalantad sa kemikal sa trabaho; industrial chemical exposure,Decontamination,,,,,
jeepney-accident,mechanism,Jeepney accident,Jeepney accident,Aksidente sa jeep,aksidente sa jeep; jeepney accident; jeepney crash,Trauma team,,,,,
landslide,mechanism,Landslide,Landslide,Landslide,landslide; guho; gumuho ang lupa,Trauma team; Cardiac monitor; IV fluids,,,,,
lost-at-sea,mechanism,Lost at sea,Marine distress,Nawala sa dagat,nawala sa dagat; lost at sea,Airway + warming,,,,,
machete-injury,mechanism,Machete injury,Machete injury,Natamaan ng itak,natamaan ng itak; itak; machete injury; hacked with machete,Trauma team,,,,,
mass-casualty,mechanism,Mass casualty,Mass casualty,Maraming biktima,maraming biktima; mass casualty,,,,,,
mine-accident,mechanism,Mine accident,Mining accident,Aksidente sa minahan,aksidente sa minahan; mine accident; cave in,Trauma team; Cardiac monitor; IV fluids,,,,,
miscarriage,mechanism,Miscarriage,Miscarriage,Nalaglag ang bata,miscarriage; nakunan; nakunan ako; nalaglag ang bata; nalaglag ang sanggol,OB / delivery,,,,,
motorcycle-crash,mechanism,Motorcycle crash,Motorcycle collision,Aksidente sa motor,aksidente sa motor; nabangga ang motor; motorcycle crash; motorcycle accident,Trauma team; Spinal precautions,,,,,
not-wearing-helmet,mechanism,Not wearing helmet,No helmet,Walang helmet,walang helmet; no helmet,,,,,,
obstructed-labor,mechanism,Obstructed labor,Obstructed labor,Hindi makalabas ang bata,hindi makalabas ang bata; obstructed labor,OB / delivery,,,,,
passenger-thrown,mechanism,Passenger thrown,Passenger ejection,Tumilapon ang pasahero,tumilapon ang pasahero; passenger thrown,Trauma team; Spinal precautions,,,,,
pedestrian-hit,mechanism,Pedestrian hit,Pedestrian struck,Pedestrian na nabangga,pedestrian hit; pedestrian struck; tinamaan ng sasakyan,Trauma team,,,,,
pesticide-exposure,mechanism,Pesticide exposure,Pesticide poisoning,Nalason ng pestisidyo,nalason ng pestisidyo; pesticide; pesticide exposure; pesticide poisoning; pestisidyo,Poison control / toxicology,,,,,
plane-crash,mechanism,Plane crash,Aviation accident,Bumagsak na eroplano,bumagsak na eroplano; plane crash; aircraft accident,Trauma team; Spinal precautions,,,,,
poisoning,mechanism,Poisoning,Poisoning,Nalason,lason; nakainom ng lason; nakakain ng lason; nalason; poisoned; poisoning; uminom ng lason,Poison control / toxicology,,,,,
postpartum-bleeding,mechanism,Postpartum bleeding,Postpartum hemorrhage,Pagdurugo pagkatapos manganak,dumudugo pagkatapos manganak; pagdurugo pagkatapos manganak; postpartum hemorrhage,OB / delivery; Blood / OR,,,,,
preterm-labor,mechanism,Preterm labor,Preterm labor,Maagang panganganak,maagang panganganak; premature labor; preterm labor,OB / delivery,,,,,
rice-mill-accident,mechanism,Rice mill accident,Machinery accident,Naipit sa gilingan,naipit sa gilingan; rice mill accident,Trauma team,,,,,
river-accident,mechanism,River accident,River accident,Aksidente sa ilog,aksidente sa ilog; river accident,,,,,,
road-crash,mechanism,Road crash,Road traffic collision,Aksidente sa daan,aksidente sa daan; banggaan; road crash; road accident; traffic accident; vehicular accident,Trauma team; Spinal precautions,,,,,
scaffolding-collapse,mechanism,Scaffolding collapse,Scaffolding collapse,Gumuho ang scaffolding,gumuho ang scaffolding; scaffolding collapse; scaffold fell,Trauma team,,,,,
sea-accident,mechanism,Sea accident,Marine accident,Aksidente sa dagat,aksidente sa dagat; marine accident,,,,,,
self-harm,mechanism,Self-harm,Self-harm,Sinasaktan ang sarili,sinasaktan ang sarili; self-harm; self harm,Mental health / safety watch,,,,,
sexual-assault,mechanism,Sexual assault,Sexual assault,Sekswal na pang-aabuso,sekswal na pang-aabuso; sexual assault; rape; ginahasa,Protection services,,,,,
shaken-baby,mechanism,Shaken baby,Shaking injury,Inalog ang sanggol,inalog ang sanggol; shaken baby,Paediatrics; CT / neurosurgery; Protection services,,,,,
shooting,mechanism,Shooting,Shooting,Pamamaril,pamamaril; barilan; shooting,Trauma team; Blood / OR,,,,,
shot-by-police,mechanism,Shot by police,Police shooting,Binaril ng pulis,binaril ng pulis; shot by police,Trauma team,,,,,
smoke-inhalation,mechanism,Smoke inhalation,Smoke inhalation,Nalanghap ng usok,nalanghap ng usok; smoke inhalation; inhaled smoke,Oxygen / airway; Burn care,,,,,
stabbing,mechanism,Stabbing,Stabbing,Pananaksak,pananaksak; saksakan; stabbing,Trauma team; Blood / OR,,,,,
stampede,mechanism,Stampede,Stampede,Nagkagulo at natapakan,natapakan; stampede; trampled,,,,,,
storm-surge,mechanism,Storm surge,Storm surge,Daluyong,daluyong; storm surge,,,,,,
struck-by-lightning,mechanism,Struck by lightning,Lightning strike,Tinamaan ng kidlat,struck by lightning,Cardiac monitor,,,,,
suicide-attempt,mechanism,Suicide attempt,Suicide attempt,Tangkang pagpapakamatay,tangkang pagpapakamatay; nagtangkang magpakamatay; suicide attempt; attempted suicide,Mental health / safety watch,,,,,
swallowed-chemical,mechanism,Swallowed chemical,Chemical ingestion,Nainom ng kemikal,nainom ng kemikal; swallowed chemical; chemical ingestion,Poison control / toxicology,,,,,
swallowed-cleaning-product,mechanism,Swallowed cleaning product,Caustic ingestion,Nainom ng panlinis,nainom ng panlinis; swallowed bleach,Poison control / toxicology,,,,,
swallowed-medicine,mechanism,Swallowed medicine,Medication ingestion,Nainom ng gamot,nainom ng gamot; swallowed medicine,Poison control / toxicology,,,,,
swept-away-by-flood,mechanism,Swept away by flood,Flood sweep,Tinangay ng baha,tinangay ng baha; swept away by flood; swept away by floodwater,Trauma team; Airway + warming,,,,,
swept-away-by-river,mechanism,Swept away by river,River sweep,Tinangay ng ilog,tinangay ng ilog; swept away by river,Trauma team; Airway + warming,,,,,
swimming-accident,mechanism,Swimming accident,Swimming accident,Nalunod sa paliligo,nalunod sa paliligo; swimming accident,,,,,,
train-accident,mechanism,Train accident,Train accident,Aksidente sa tren,aksidente sa tren; train accident; hit by train,Trauma team; Spinal precautions,,,,,
trapped-in-fire,mechanism,Trapped in fire,Fire entrapment,Na-trap sa sunog,na-trap sa sunog; trapped in fire; trapped in burning building,Burn care; Oxygen / airway,,,,,
trapped-in-flood,mechanism,Trapped in flood,Flood entrapment,Na-trap sa baha,na-trap sa baha; trapped in flood,Airway + warming,,,,,
tricycle-crash,mechanism,Tricycle crash,Tricycle accident,Aksidente sa traysikel,aksidente sa traysikel; tricycle accident,Trauma team; Spinal precautions,,,,,
truck-collision,mechanism,Truck collision,Truck collision,Nabangga ng trak,nabangga ng trak; truck collision; hit by truck,Trauma team,,,,,
truck-crash,mechanism,Truck crash,Truck accident,Aksidente sa trak,aksidente sa trak; truck crash,Trauma team; Spinal precautions,,,,,
tsunami,mechanism,Tsunami,Tsunami,Tsunami,tsunami,,,,,,
typhoon,mechanism,Typhoon,Typhoon,Bagyo,bagyo; typhoon,,,,,,
vehicle-fell-into-river,mechanism,Vehicle fell into river,Vehicle submersion,Nahulog sa ilog ang sasakyan,nahulog sa ilog ang sasakyan; vehicle in river,Airway + warming,,,,,
vehicle-fell-off-cliff,mechanism,Vehicle fell off cliff,Vehicle plunge,Nahulog sa bangin,nahulog sa bangin; fell off a cliff; vehicle fell off cliff,Trauma team; Spinal precautions,,,,,
vehicle-rollover,mechanism,Vehicle rollover,Rollover,Tumaob ang sasakyan,tumaob ang sasakyan; vehicle rollover; overturned,Trauma team; Spinal precautions,,,,,
volcanic-eruption,mechanism,Volcanic eruption,Volcanic eruption,Pagsabog ng bulkan,pagsabog ng bulkan; volcanic eruption,,,,,,
alert,sign,Alert,Alert,Gising at alerto,gising at alerto; mulat,,,,,,
amputated-part,sign,Amputated part,Traumatic amputation,Naputol,naputol ang daliri; naputol ang kamay; naputol ang paa; amputation; amputated; severed,Trauma team,,,,,
bleeding-from-ear,sign,Bleeding from ear,Otorrhagia,Dumudugo ang tainga,dumudugo ang tainga; bleeding from ear,Haemostasis,,,,,
bleeding-from-head,sign,Bleeding from head,Head bleeding,Dumudugo ang ulo,dumudugo ang ulo; bleeding from head,Haemostasis,,,,,
blood-on-clothes,sign,Blood on clothes,Blood on clothing,May dugo sa damit,may dugo sa damit; blood on clothes,,,,,,
bone-sticking-out,sign,Bone sticking out,Open fracture sign,Lumabas ang buto,lumabas ang buto; nakalabas ang buto; bone sticking out; bone exposed,,,,,,
breathing-normally,sign,Breathing normally,Normal breathing,Humihinga nang normal,humihinga nang normal; breathing normally; normal breathing; breathing fine,,,,,,
breathing-with-difficulty,sign,Breathing with difficulty,Labored breathing,Mahirap huminga,mahirap huminga; labored breathing; breathing with difficulty,,,,,,
bruising-around-eyes,sign,Bruising around eyes,Raccoon eyes,Pasa sa paligid ng mata,pasa sa paligid ng mata; bruising around eyes,,,,,,
bruising-behind-ear,sign,Bruising behind ear,Battle sign,Pasa sa likod ng tainga,pasa sa likod ng tainga; bruise behind ear,,,,,,
burned-skin,sign,Burned skin,Burned skin,Sunog na balat,sunog na balat; burned skin,,,,,,
can-talk,sign,Can talk,Able to speak,Nakakapagsalita,nakakapagsalita; nakakausap; can talk; able to speak,,,,,,
can-walk,sign,Can walk,Ambulatory,Nakakalakad,nakakalakad; kayang maglakad; can walk; able to walk; walking,,,,,,
cannot-feel-legs,sign,Cannot feel legs,Loss of leg sensation,Hindi maramdaman ang paa,hindi maramdaman ang paa; hindi maramdaman ang binti; cannot feel legs,,,,,,
cannot-move,sign,Cannot move,Immobile,Hindi makagalaw,hindi makagalaw; cannot move; unable to move,,,,,,
cannot-move-arm,sign,Cannot move arm,Arm paralysis sign,Hindi maigalaw ang braso,hindi maigalaw ang braso; cannot move arm,,,,,,
cannot-move-legs,sign,Cannot move legs,Paraplegia sign,Hindi maigalaw ang paa,hindi maigalaw ang paa; hindi maigalaw ang binti; cannot move legs,,,,,,
cannot-walk,sign,Cannot walk,Non-ambulatory,Hindi makalakad,can't walk; cannot walk; di makahakbang; di makalakad; hindi makahakbang; hindi makalakad; unable to walk,,,,,,
chemical-on-skin,sign,Chemical on skin,Chemical contact,May kemikal sa balat,may kemikal sa balat; chemical on skin,Decontamination,,,,,
crushed-limb,sign,Crushed limb,Crush injury,Naipit,naipit ang kamay; naipit ang paa; naipit; crushed; crush injury,Trauma team; Cardiac monitor; IV fluids,,,,,
deformity,sign,Deformity,Deformity,Baluktot,baluktot; deformed; deformity,,,,,,
drunk,sign,Drunk,Intoxication,Lasing,lasing; drunk; intoxicated; intoxication,,,,,,
intestines-visible,sign,Intestines visible,Evisceration,Nakalabas ang bituka,nakalabas ang bituka; intestines visible; evisceration,Trauma team; Surgical team,,,,,
limp-body,sign,Limp body,Flaccid,Lupaypay,lupaypay; limp,,,,,,
needle-marks,sign,Needle marks,Injection marks,Marka ng karayom,needle marks,,,,,,
no-bleeding,sign,No bleeding,No bleeding,Walang dugo,walang dugo; walang pagdurugo; no bleeding; no blood,,,,,,
no-heartbeat,sign,No heartbeat,Cardiac arrest sign,Walang tibok ng puso,walang tibok ang puso; huminto ang puso; no heartbeat; heart stopped,Resus bay; Cardiac monitor,,,,,
not-breathing,sign,Not breathing,Apnea,Hindi humihinga,di humihinga; hindi humihinga; hindi na humihinga; huminto ang paghinga; no breathing; not breathing; stopped breathing; wala nang hininga; walang hininga; walang paghinga,Resus bay; Oxygen / airway,,,,,
object-stuck-in-body,sign,Object stuck in body,Impaled object,May nakabaon,may nakabaon; nakabaon ang bagay; impaled object; object stuck,,,,,,
pupils-not-reacting,sign,Pupils not reacting,Fixed pupils,Hindi gumagalaw ang balintataw,fixed pupils; pupils not reacting,,,,,,
pupils-unequal,sign,Pupils unequal,Anisocoria,Magkaiba ang laki ng balintataw,magkaiba ang laki ng mata; unequal pupils,,,,,,
responds-to-pain-only,sign,Responds to pain only,Responds to pain,Tumutugon lang sa sakit,tumutugon lang sa sakit; responds to pain only,,,,,,
responds-to-voice,sign,Responds to voice,Responds to voice,Tumutugon sa boses,tumutugon sa boses; responds to voice,,,,,,
responsive,sign,Responsive,Responsive,Gising,gising; responsive; awake; alert,,,,,,
rigid-body,sign,Rigid body,Rigidity,Matigas ang katawan,matigas ang katawan; rigid body,,,,,,
severe-bleeding,sign,Severe bleeding,Hemorrhage,Malakas na pagdurugo,malakas na pagdurugo; maraming dugo; severe bleeding; heavy bleeding; lots of blood; bleeding heavily,,,,,,
skin-blue,sign,Skin blue,Cyanosis,Nangingitim,nangingitim; kulay asul; blue skin,,,,,,
skin-pale-and-cold,sign,Skin pale and cold,Pale cool skin,Maputla at malamig,maputla at malamig; pale and cold,,,,,,
skin-red,sign,Skin red,Flushed skin,Namumula ang balat,namumula ang balat; red skin,,,,,,
skin-yellow,sign,Skin yellow,Jaundice,Naninilaw,naninilaw; yellow skin,,,,,,
smoke-smell,sign,Smoke smell,Smoke exposure,Amoy usok,amoy usok; smoke smell; smoke exposure,,,,,,
soot-around-nose-and-mouth,sign,Soot around nose and mouth,Soot,May uling sa bibig,may uling sa bibig; soot around mouth,,,,,,
trapped,sign,Trapped,Entrapment,Nakulong,na-trap; naipit sa ilalim; nakulong; nakulong sa loob; pinned; trapped,Trauma team; Cardiac monitor; IV fluids,,,,,
unconscious,sign,Unconscious,Loss of consciousness,Walang malay,collapsed; nag-collapse; nawalan ng malay; nawalan ng ulirat; passed out; unconscious; unconsciousness; walang malay; walang malay ang pasyente; walang ulirat,,,,,,
unresponsive,sign,Unresponsive,Unresponsive,Hindi tumutugon,di sumasagot; di tumutugon; hindi na sumasagot; hindi sumasagot; hindi tumutugon; no response; not responding; unresponsive; walang response,,,,,,
vomiting-after-head-injury,sign,Vomiting after head injury,Post-traumatic vomiting,Nagsusuka pagkatapos mauntog,nagsusuka pagkatapos mauntog; vomiting after head injury,CT / neurosurgery; Neuro obs,,,,,
wound-with-exposed-tissue,sign,Wound with exposed tissue,Exposed tissue,Nakalabas ang laman,nakalabas ang laman; exposed tissue,,,,,,
abdominal-pain,symptom,Abdominal pain,Abdominal pain,Sumasakit ang tiyan,sumasakit ang tiyan; masakit ang tiyan; sakit ng tiyan; sakit sa tiyan; stomach pain; abdominal pain,,,,,,
aggression,symptom,Aggression,Aggression,Nananakit,nananakit; aggressive; aggression,Mental health / safety watch,,,,,
agitation,symptom,Agitation,Agitation,Balisa,balisa; agitated; agitation,Mental health / safety watch,,,,,
anxiety,symptom,Anxiety,Anxiety,Kabado,kabado; nababalisa; anxious; anxiety,,,,,,
arm-pain,symptom,Arm pain,Arm pain,Masakit ang braso,masakit ang braso; arm pain,,,,,,
aura-before-seizure,symptom,Aura before seizure,Aura,May nararamdaman bago kumbulsyon,aura; warning before seizure,,,,,,
baby-coming-out,symptom,Baby coming out,Imminent delivery,Lalabas na ang bata,lalabas na ang bata; lalabas na ang baby; manganganak na; baby coming out,OB / delivery; Paediatrics,,,,,
baby-crowning,symptom,Baby crowning,Crowning,Lumalabas na ang ulo ng bata,lumalabas na ang ulo ng bata; crowning; baby crowning; head visible,OB / delivery; Paediatrics,,,,,
baby-not-breathing,symptom,Baby not breathing,Neonatal apnea,Hindi humihinga ang sanggol,hindi humihinga ang sanggol; hindi humihinga ang baby; baby not breathing,Resus bay; Paediatrics; Oxygen / airway,,,,,
baby-not-crying,symptom,Baby not crying,Apnea of newborn,Hindi umiiyak ang bagong silang,hindi umiiyak ang baby; baby not crying; newborn not crying,Resus bay; Paediatrics; Oxygen / airway,,,,,
back-pain,symptom,Back pain,Back pain,Masakit ang likod,masakit ang likod; sumasakit ang likod; sakit sa likod; back pain,,,,,,
bad-breath,symptom,Bad breath,Halitosis,Mabaho ang hininga,mabaho ang hininga; bad breath,,,,,,
belching,symptom,Belching,Belching,Dighay,dighay; burping; belching,,,,,,
biting-tongue,symptom,Biting tongue,Tongue biting,Nakagat ang dila,nakagat ang dila; bit tongue,,,,,,
black-stool,symptom,Black stool,Melena,Itim na dumi,itim na dumi; black stool; tarry stool,Blood / OR,,,,,
bleeding-easily,symptom,Bleeding easily,Easy bleeding,Madaling dumugo,madaling dumugo; easy bleeding,,,,,,
bleeding-from-wound-that-soaks-through,symptom,Bleeding from wound that soaks through,Soaking bandage,Basa na ng dugo ang benda,basa na ng dugo ang benda; bleeding through bandage; soaked bandage,Haemostasis,,,,,
bleeding-gums,symptom,Bleeding gums,Gingival bleeding,Dumudugo ang gilagid,dumudugo ang gilagid; bleeding gums,,,,,,
bleeding-that-will-not-stop,symptom,Bleeding that will not stop,Uncontrolled bleeding,Hindi tumitigil ang dugo,hindi tumitigil ang dugo; hindi humihinto ang dugo; bleeding that will not stop; uncontrolled bleeding,Blood / OR; Haemostasis,,,,,
blisters,symptom,Blisters,Blisters,Paltos,paltos; blister; blisters,,,,,,
bloating,symptom,Bloating,Bloating,Kabag,kabag; bloating; bloated,,,,,,
blocked-ear,symptom,Blocked ear,Ear blockage,Barado ang tainga,barado ang tainga; blocked ear,,,,,,
blood-coming-out-of-ears,symptom,Blood coming out of ears,Ear bleeding,May dugo sa tainga,may dugo sa tainga; blood from ears,,,,,,
blood-coming-out-of-mouth,symptom,Blood coming out of mouth,Oral bleeding,Dumudugo ang bibig,dumudugo ang bibig; may dugo sa bibig; blood from mouth; bleeding from mouth,,,,,,
blood-coming-out-of-nose,symptom,Blood coming out of nose,Nasal bleeding,May dugo sa ilong,may dugo sa ilong; blood from nose,,,,,,
blood-in-urine,symptom,Blood in urine,Hematuria,May dugo ang ihi,may dugo ang ihi; dugo sa ihi; blood in urine,,,,,,
bloody-stool,symptom,Bloody stool,Hematochezia,May dugo ang dumi,may dugo ang dumi; bloody stool; blood in stool,Blood / OR,,,,,
blue-lips,symptom,Blue lips,Cyanosis,Asul ang labi,asul ang labi; nangingitim ang labi; blue lips; cyanosis,,,,,,
blurred-vision,symptom,Blurred vision,Blurred vision,Malabo ang paningin,malabo ang paningin; nanlalabo ang paningin; blurred vision; blurry vision,,,,,,
breathing-stopped-suddenly,symptom,Breathing stopped suddenly,Respiratory arrest,Biglang huminto ang paghinga,biglang huminto ang paghinga; breathing stopped,Resus bay; Oxygen / airway,,,,,
breathless-lying-flat,symptom,Breathless lying flat,Orthopnea,Hindi makahiga,hindi makahiga; hirap huminga kapag nakahiga; orthopnea,Oxygen / airway,,,,,
breathlessness-on-exertion,symptom,Breathlessness on exertion,Exertional dyspnea,Hinihingal sa pagod,hinihingal kapag naglalakad; breathless on exertion,,,,,,
bruising,symptom,Bruising,Bruising,Pasa,pasa; nagpapasa; bruise; bruising,,,,,,
bruising-easily,symptom,Bruising easily,Easy bruising,Madaling magkapasa,madaling magkapasa; easy bruising,,,,,,
burning-feet,symptom,Burning feet,Burning feet,Nasusunog ang paa,nasusunog ang paa; burning feet,,,,,,
burning-sensation,symptom,Burning sensation,Burning sensation,Mahapdi,mahapdi; burning sensation; burning,,,,,,
burning-urine,symptom,Burning urine,Burning urination,Mahapdi ang ihi,mahapdi ang ihi,,,,,,
cannot-bear-weight,symptom,Cannot bear weight,Weight bearing pain,Hindi makatapak,hindi makatapak; cannot bear weight; cannot put weight,,,,,,
cannot-bend,symptom,Cannot bend,Limited movement,Hindi maibaluktot,hindi maibaluktot; cannot bend; cannot flex,,,,,,
cannot-breathe,symptom,Cannot breathe,Respiratory distress,Hindi makahinga,hindi makahinga; di makahinga; hirap sa paghinga; kapos hininga; cannot breathe; can't breathe; unable to breathe,Oxygen / airway,,,,,
cannot-cough-or-speak,symptom,Cannot cough or speak,Complete airway obstruction,Hindi makaubo o makapagsalita,hindi makaubo; hindi makahinga at makapagsalita; cannot cough or speak,,,,,,
cannot-drink,symptom,Cannot drink,Unable to drink,Hindi makainom,hindi makainom; ayaw uminom; cannot drink; not drinking; refuses to drink,,,,,,
cannot-grip,symptom,Cannot grip,Weak grip,Hindi makahawak,hindi makahawak; cannot grip; weak grip,,,,,,
cannot-move-hand,symptom,Cannot move hand,Hand paralysis sign,Hindi maigalaw ang kamay,hindi maigalaw ang kamay; cannot move hand,,,,,,
cannot-move-neck,symptom,Cannot move neck,Neck immobility,Hindi maigalaw ang leeg,hindi maigalaw ang leeg; cannot move neck,,,,,,
cannot-pass-gas,symptom,Cannot pass gas,Obstipation,Hindi makautot,hindi makautot; cannot pass gas,,,,,,
cannot-pass-stool,symptom,Cannot pass stool,Obstipation,Hindi makadumi,hindi makadumi; cannot pass stool,,,,,,
cannot-stand-up,symptom,Cannot stand up,Cannot rise,Hindi makabangon,hindi makabangon; cannot stand up; cannot get up,,,,,,
chest-indrawing,symptom,Chest indrawing,Chest retractions,Lumulubog ang dibdib kapag humihinga,lumulubog ang dibdib; chest indrawing; chest retractions,Oxygen / airway; Paediatrics,,,,,
chest-pain,symptom,Chest pain,Chest pain,Sumasakit ang dibdib,chest discomfort; chest hurts; chest pain; kirot sa dibdib; kumikirot ang dibdib; masakit ang dibdib; nanakit ang dibdib; sakit ng dibdib; sakit sa dibdib; sumasakit ang dibdib,,,,,,
chest-tightness,symptom,Chest tightness,Chest tightness,Mabigat ang dibdib,chest tightness; mabigat ang dibdib; may nakadagan sa dibdib; naninikip ang dibdib; parang may nakadagan sa dibdib; tight chest,ECG / cardiology; Cardiac monitor,,,,,
chills,symptom,Chills,Chills,Nanginginig sa lamig,nanginginig sa lamig; giniginaw; ginaw; chills,,,,,,
choking,symptom,Choking,Choking,Nabulunan,nabulunan; nasasakal; choking; choked,Oxygen / airway,,,,,
choking-on-food,symptom,Choking on food,Foreign body airway obstruction,Nabulunan sa pagkain,choking on food; nabulunan sa pagkain,Oxygen / airway,,,,,
choking-on-saliva,symptom,Choking on saliva,Aspiration,Nabulunan sa laway,nabulunan sa laway,,,,,,
choking-sensation,symptom,Choking sensation,Globus,Parang may bara sa lalamunan,parang may bara sa lalamunan; lump in throat,,,,,,
clammy-skin,symptom,Clammy skin,Clammy skin,Malagkit na pawis,malagkit na pawis; clammy; clammy skin,,,,,,
cloudy-urine,symptom,Cloudy urine,Cloudy urine,Malabo ang ihi,malabo ang ihi; cloudy urine,,,,,,
coffee-ground-vomit,symptom,Coffee-ground vomit,Coffee-ground emesis,Suka na parang kape,suka na parang kape; coffee ground vomit,,,,,,
cold-hands-and-feet,symptom,Cold hands and feet,Cold extremities,Malamig ang kamay at paa,malamig ang kamay at paa; cold hands and feet; cold extremities,,,,,,
cold-limb,symptom,Cold limb,Cold limb,Malamig ang paa,malamig ang paa; cold limb; cold leg,,,,,,
cold-sweat,symptom,Cold sweat,Diaphoresis,Malamig na pawis,malamig na pawis; cold sweat; diaphoresis,,,,,,
confusion,symptom,Confusion,Confusion,Litong-lito,litong-lito; nalilito; confused; confusion,Neuro obs,,,,,
constipation,symptom,Constipation,Constipation,Tibi,tibi; constipation; constipated,,,,,,
contractions,symptom,Contractions,Uterine contractions,Humihilab ang tiyan,humihilab ang tiyan; humilab ang tiyan; contractions; regular contractions,OB / delivery,,,,,
convulsions-in-pregnancy,symptom,Convulsions in pregnancy,Pregnancy seizure,Kumbulsyon habang buntis,kumbulsyon habang buntis; seizure in pregnancy; convulsions in pregnancy,OB / delivery; Neuro obs,,,,,
cord-visible,symptom,Cord visible,Visible cord,Nakalabas ang pusod ng bata,nakalabas ang pusod ng bata; cord visible,OB / delivery,,,,,
cough,symptom,Cough,Cough,Ubo,cough; coughing; inuubo; may ubo; ubo; ubo nang ubo,,,,,,
cough-for-weeks,symptom,Cough for weeks,Chronic cough,Ilang linggo nang inuubo,ilang linggo nang inuubo; cough for weeks; chronic cough,,,,,,
coughing-blood,symptom,Coughing blood,Hemoptysis,Umuubo ng dugo,umuubo ng dugo; inuubo ng dugo; coughing blood; coughing up blood,Blood / OR,,,,,
covered-in-blood,symptom,Covered in blood,Gross bleeding,Duguan,duguan; puro dugo; covered in blood; bloody,Haemostasis,,,,,
cramps-in-calf,symptom,Cramps in calf,Calf cramp,Pulikat sa binti,pulikat sa binti; calf cramp,,,,,,
dark-stool,symptom,Dark stool,Dark stool,Maitim na dumi,maitim na dumi; dark stool,,,,,,
dark-urine,symptom,Dark urine,Dark urine,Maitim ang ihi,maitim ang ihi; dark urine,,,,,,
decreased-baby-movement,symptom,Decreased baby movement,Reduced fetal movement,Hindi gumagalaw ang bata sa tiyan,hindi gumagalaw ang baby; decreased fetal movement; baby not moving,OB / delivery,,,,,
dehydration,symptom,Dehydration,Dehydration,Dehydrated,dehydrated; dehydration; kulang sa tubig; nawalan ng tubig sa katawan,IV fluids,,,,,
diarrhea,symptom,Diarrhea,Diarrhea,Nagtatae,nagtatae; pagtatae; lbm; diarrhea,IV fluids,,,,,
difficulty-opening-mouth,symptom,Difficulty opening mouth,Trismus,Hindi maibuka ang bibig,hindi maibuka ang bibig; lockjaw; trismus,,,,,,
difficulty-swallowing,symptom,Difficulty swallowing,Dysphagia,Hirap lumunok,difficulty swallowing; hirap lumunok; hirap sa paglunok; nahihirapan lumunok; trouble swallowing,,,,,,
difficulty-urinating,symptom,Difficulty urinating,Hesitancy,Hirap umihi,hirap umihi; difficulty urinating,,,,,,
difficulty-waking,symptom,Difficulty waking,Lethargy,Hindi magising,hindi magising; mahirap gisingin; lethargic; lethargy,Neuro obs,,,,,
difficulty-walking,symptom,Difficulty walking,Gait disturbance,Hirap maglakad,hirap maglakad; nahihirapan maglakad; difficulty walking; trouble walking,,,,,,
discharge-from-ear,symptom,Discharge from ear,Otorrhea,Lumalabas ang nana sa tainga,may lumalabas sa tainga; ear discharge,,,,,,
discharge-from-eye,symptom,Discharge from eye,Eye discharge,May muta,may muta; muta; eye discharge,,,,,,
discharge-from-wound,symptom,Discharge from wound,Wound discharge,Naglalabas ng nana,naglalabas ng nana; wound discharge,,,,,,
disorientation,symptom,Disorientation,Disorientation,Hindi alam kung nasaan,hindi alam kung nasaan; disoriented; disorientation,Neuro obs,,,,,
distended-abdomen,symptom,Distended abdomen,Abdominal distension,Namamaga ang tiyan,namamaga ang tiyan; distended abdomen; swollen abdomen,,,,,,
dizziness,symptom,Dizziness,Dizziness,Nahihilo,dizziness; dizzy; hilo; lightheaded; nahihilo; nahihilo ako; nahihilo na; nahilo; pagkahilo; umiikot ang paningin,,,,,,
double-vision,symptom,Double vision,Diplopia,Doble ang nakikita,doble ang nakikita; double vision,,,,,,
dragging-leg,symptom,Dragging leg,Foot drop,Hinihila ang paa,hinihila ang paa; dragging leg; dragging foot,,,,,,
drowsiness,symptom,Drowsiness,Drowsiness,Inaantok,inaantok; antukin; drowsy; drowsiness,,,,,,
dry-mouth,symptom,Dry mouth,Xerostomia,Tuyo ang bibig,tuyo ang bibig; dry mouth,,,,,,
dry-skin,symptom,Dry skin,Xerosis,Tuyo ang balat,tuyo ang balat; dry skin,,,,,,
dull-pain,symptom,Dull pain,Dull pain,Mapurol na sakit,mapurol na sakit; dull pain; dull ache,,,,,,
earache,symptom,Earache,Otalgia,Masakit ang tainga,masakit ang tainga; sumasakit ang tainga; earache,,,,,,
excessive-crying,symptom,Excessive crying,Inconsolable crying,Iyak nang iyak,iyak nang iyak; inconsolable; excessive crying,,,,,,
excessive-hunger,symptom,Excessive hunger,Polyphagia,Sobrang gutom,sobrang gutom; excessive hunger,,,,,,
excessive-sleep,symptom,Excessive sleep,Hypersomnia,Sobrang tulog,sobrang tulog; hypersomnia,,,,,,
excessive-thirst,symptom,Excessive thirst,Polydipsia,Sobrang uhaw,sobrang uhaw; laging uhaw; excessive thirst,,,,,,
eye-pain,symptom,Eye pain,Ocular pain,Masakit ang mata,masakit ang mata; eye pain,,,,,,
eyes-not-opening,symptom,Eyes not opening,No eye opening,Hindi dumidilat,hindi dumidilat; eyes not opening,,,,,,
eyes-rolled-back,symptom,Eyes rolled back,Eye rolling,Nakataas ang mata,nakataas ang mata; eyes rolled back; eyes rolling back,,,,,,
facial-drooping,symptom,Facial drooping,Facial droop,Nakabaluktot ang mukha,baluktot ang bibig; droopy face; face drooping; facial drooping; nakabaluktot ang mukha; nakalihis ang bibig,Stroke team / CT,,,,,
fainting,symptom,Fainting,Syncope,Nahimatay,fainted; fainting; himatay; hinimatay; nagpa-black out; nahimatay; syncope,,,,,,
fast-heartbeat,symptom,Fast heartbeat,Tachycardia,Mabilis ang tibok ng puso,mabilis ang tibok ng puso; fast heartbeat; fast heart rate; tachycardia,ECG / cardiology; Cardiac monitor,,,,,
fatigue,symptom,Fatigue,Fatigue,Pagod na pagod,pagod na pagod; sobrang pagod; fatigue; exhausted,,,,,,
feeling-cold,symptom,Feeling cold,Cold intolerance,Giniginaw,giniginaw; feeling cold; feels cold,,,,,,
feeling-hot,symptom,Feeling hot,Heat feeling,Mainit ang pakiramdam,mainit ang pakiramdam; feeling hot; feels hot,,,,,,
fever,symptom,Fever,Pyrexia,Nilalagnat,fever; feverish; lagnat; lagnat na lagnat; mainit ang katawan; may lagnat; may sinat; nilalagnat; sinat,,,,,,
fever-and-cough,symptom,Fever and cough,Febrile cough,Lagnat at ubo,lagnat at ubo; fever and cough,,,,,,
fever-and-rash,symptom,Fever and rash,Febrile rash,Lagnat at butlig,lagnat at butlig; fever and rash,Isolation room,,,,,
fever-and-stiff-neck,symptom,Fever and stiff neck,Meningism,Lagnat at naninigas ang leeg,lagnat at naninigas ang leeg; fever and stiff neck,Isolation room; Neuro obs,,,,,
fever-with-chills,symptom,Fever with chills,Rigors,Lagnat na may panginginig,lagnat na may panginginig; fever with chills,,,,,,
fingers-turning-blue,symptom,Fingers turning blue,Peripheral cyanosis,Nangingitim ang daliri,nangingitim ang daliri; fingers turning blue,Oxygen / airway,,,,,
flaring-nostrils,symptom,Flaring nostrils,Nasal flaring,Namimintig ang ilong sa paghinga,nasal flaring; flaring nostrils,Oxygen / airway; Paediatrics,,,,,
flashing-lights,symptom,Flashing lights,Photopsia,May kumikislap sa mata,may kumikislap sa mata; flashing lights,,,,,,
flatulence,symptom,Flatulence,Flatulence,Utot,utot; flatulence,,,,,,
foaming-at-the-mouth,symptom,Foaming at the mouth,Frothing,Bumubula ang bibig,bumubula ang bibig; foaming at the mouth,,,,,,
foot-pain,symptom,Foot pain,Foot pain,Masakit ang paa,masakit ang paa; foot pain,,,,,,
foul-smell,symptom,Foul smell,Foul odor,Mabaho,mabaho ang sugat; foul smell; foul odor,,,,,,
frequent-stool,symptom,Frequent stool,Frequent bowel movements,Madalas dumumi,madalas dumumi; frequent stool,,,,,,
frequent-urination,symptom,Frequent urination,Polyuria,Madalas umihi,madalas umihi; frequent urination,,,,,,
gasping,symptom,Gasping,Gasping,Humahangos,humahangos; hingal; hinihingal; gasping; gasping for air,Oxygen / airway,,,,,
green-vomit,symptom,Green vomit,Bilious vomiting,Berde ang suka,berde ang suka; green vomit; bilious vomiting,,,,,,
groin-pain,symptom,Groin pain,Groin pain,Masakit ang singit,masakit ang singit; groin pain,,,,,,
grunting-breath,symptom,Grunting breath,Grunting,Umuungol kapag humihinga,umuungol kapag humihinga; grunting,Oxygen / airway; Paediatrics,,,,,
hair-loss,symptom,Hair loss,Alopecia,Nalalagas ang buhok,nalalagas ang buhok; hair loss,,,,,,
hallucinations,symptom,Hallucinations,Hallucinations,Nakakakita ng wala,nakakakita ng wala; nakakarinig ng wala; hallucinations; seeing things,,,,,,
hand-pain,symptom,Hand pain,Hand pain,Masakit ang kamay,masakit ang kamay; hand pain,,,,,,
hard-abdomen,symptom,Hard abdomen,Rigid abdomen,Matigas ang tiyan,matigas ang tiyan; hard abdomen; rigid abdomen,,,,,,
headache,symptom,Headache,Cephalalgia,Sumasakit ang ulo,headache; kumikirot ang ulo; masakit ang ulo; masakit ang ulo ko; nanakit ang ulo; sakit ng ulo; sakit sa ulo; sumasakit ang ulo,,,,,,
hearing-loss,symptom,Hearing loss,Hearing loss,Hindi makarinig,hindi makarinig; nabingi; hearing loss; cannot hear,,,,,,
hearing-voices,symptom,Hearing voices,Auditory hallucination,Nakakarinig ng boses,nakakarinig ng boses; hearing voices,Mental health / safety watch,,,,,
heartburn,symptom,Heartburn,Heartburn,Hapdi sa sikmura,hapdi sa sikmura; heartburn; acid reflux,,,,,,
heavy-bleeding,symptom,Heavy bleeding,Heavy bleeding,Maraming dugo,dumadaloy ang dugo; heavy bleeding; malakas na pagdurugo; maraming dugo; nagdurugo nang malakas; profuse bleeding; severe bleeding; sobrang dugo; umaagos ang dugo,Blood / OR,,,,,
heavy-period,symptom,Heavy period,Menorrhagia,Malakas ang regla,malakas ang regla; heavy period; heavy menstrual bleeding,,,,,,
hemorrhoid-bleeding,symptom,Hemorrhoid bleeding,Hemorrhoidal bleeding,Dumudugo ang almoranas,dumudugo ang almoranas; bleeding piles,,,,,,
hiccups,symptom,Hiccups,Hiccups,Sinok,sinok; hiccups,,,,,,
high-fever,symptom,High fever,High fever,Mataas ang lagnat,mataas ang lagnat; high fever,,,,,,
high-fever-for-days,symptom,High fever for days,Prolonged fever,Ilang araw nang mataas ang lagnat,ilang araw nang may lagnat; fever for days; prolonged fever,,,,,,
hip-pain,symptom,Hip pain,Hip pain,Masakit ang balakang,masakit ang balakang; hip pain,,,,,,
hives,symptom,Hives,Urticaria,Pantal,hives; namamantal; namantal; pantal,,,,,,
hoarseness,symptom,Hoarseness,Hoarseness,Paos,paos; hoarse; hoarseness,,,,,,
hot-and-dry-skin,symptom,Hot and dry skin,Hot dry skin,Mainit at tuyong balat,mainit at tuyong balat; hot dry skin,,,,,,
hunger-pain,symptom,Hunger pain,Hunger pains,Kumakalam ang sikmura,kumakalam ang sikmura; hunger pains,,,,,,
indigestion,symptom,Indigestion,Indigestion,Hindi natutunawan,hindi natutunawan; indigestion,,,,,,
insomnia,symptom,Insomnia,Insomnia,Hindi makatulog,hindi makatulog; insomnia; cannot sleep,,,,,,
involuntary-urination,symptom,Involuntary urination,Incontinence,Napapaihi,napapaihi; naiihi sa salawal; incontinence; lost bladder control,,,,,,
irregular-heartbeat,symptom,Irregular heartbeat,Arrhythmia,Hindi regular ang tibok ng puso,irregular na tibok ng puso; irregular heartbeat; arrhythmia,ECG / cardiology; Cardiac monitor,,,,,
itching,symptom,Itching,Pruritus,Makati,makati; nangangati; itching; itchy,,,,,,
itchy-eyes,symptom,Itchy eyes,Ocular pruritus,Makati ang mata,makati ang mata; itchy eyes,,,,,,
itchy-skin-all-over,symptom,Itchy skin all over,Generalized pruritus,Makati ang buong katawan,makati ang buong katawan; itchy all over,,,,,,
itchy-throat,symptom,Itchy throat,Throat itching,Makati ang lalamunan,makati ang lalamunan; itchy throat,,,,,,
jaw-pain,symptom,Jaw pain,Jaw pain,Masakit ang panga,masakit ang panga; jaw pain,,,,,,
jerking-movements,symptom,Jerking movements,Clonic jerking,Nanginginig na paggalaw,nanginginig ang buong katawan; jerking movements,,,,,,
joint-pain,symptom,Joint pain,Arthralgia,Masakit ang kasukasuan,masakit ang kasukasuan; joint pain,,,,,,
just-gave-birth,symptom,Just gave birth,Recent delivery,Nanganak na,nanganak na; kakapanganak lang; just gave birth; just delivered,OB / delivery; Paediatrics,,,,,
knee-pain,symptom,Knee pain,Knee pain,Masakit ang tuhod,masakit ang tuhod; knee pain,,,,,,
labor-pains,symptom,Labor pains,Labor pains,Naglalabor,contractions; in labor; labor na; labor pains; naglalabor; naglalabor na; nagle-labor,OB / delivery,,,,,
leaking-fluid-in-pregnancy,symptom,Leaking fluid in pregnancy,Rupture of membranes,Pumutok ang panubigan,nabasag ang panubigan; pumutok ang panubigan; pumutok na ang panubigan; ruptured membranes; tumutulo ang panubigan; water bag ruptured; water broke,OB / delivery,,,,,
leg-pain,symptom,Leg pain,Leg pain,Masakit ang binti,masakit ang binti; leg pain,,,,,,
limping,symptom,Limping,Limp,Pilay,pilay; paika-ika; limping; limp,,,,,,
lips-turning-blue,symptom,Lips turning blue,Perioral cyanosis,Nangingitim ang labi,nangingitim ang labi; lips turning blue; blue around the mouth,Oxygen / airway,,,,,
loose-stool,symptom,Loose stool,Loose stool,Malabnaw ang dumi,malabnaw ang dumi; loose stool; watery stool,,,,,,
loss-of-appetite,symptom,Loss of appetite,Anorexia,Walang gana kumain,walang gana kumain; walang ganang kumain; loss of appetite,,,,,,
loss-of-balance,symptom,Loss of balance,Imbalance,Nawawalan ng balanse,nawawalan ng balanse; hindi makatayo nang tuwid; loss of balance; unsteady,,,,,,
loss-of-bowel-control,symptom,Loss of bowel control,Fecal incontinence,Hindi makontrol ang dumi,hindi makontrol ang dumi; lost bowel control,,,,,,
loss-of-feeling,symptom,Loss of feeling,Sensory loss,Walang pakiramdam,walang pakiramdam; loss of feeling; no sensation,,,,,,
loss-of-smell,symptom,Loss of smell,Anosmia,Hindi makaamoy,hindi makaamoy; loss of smell,,,,,,
loss-of-taste,symptom,Loss of taste,Ageusia,Walang panlasa,walang panlasa; hindi makalasa; loss of taste,,,,,,
loss-of-vision,symptom,Loss of vision,Vision loss,Hindi makakita,hindi makakita; nabulag; loss of vision; cannot see,Eye / ENT,,,,,
memory-loss,symptom,Memory loss,Amnesia,Nakalimutan,nakalimutan; memory loss; amnesia,Neuro obs,,,,,
menstrual-cramps,symptom,Menstrual cramps,Dysmenorrhea,Masakit ang regla,masakit ang regla; menstrual cramps; dysmenorrhea,,,,,,
migraine,symptom,Migraine,Migraine,Migraine,migraine; hemikranya,,,,,,
missed-period,symptom,Missed period,Amenorrhea,Hindi dinatnan,hindi dinatnan; missed period; amenorrhea,,,,,,
moaning-only,symptom,Moaning only,Moaning,Umuungol lang,umuungol lang; moaning only; only moans,,,,,,
morning-sickness,symptom,Morning sickness,Nausea of pregnancy,Naglilihi,naglilihi; morning sickness,,,,,,
mouth-sores,symptom,Mouth sores,Oral ulcer,Singaw,singaw; mouth sores; mouth ulcer,,,,,,
muscle-cramp,symptom,Muscle cramp,Muscle cramp,Pulikat,pulikat; muscle cramp; cramps,,,,,,
muscle-pain,symptom,Muscle pain,Myalgia,Masakit ang katawan,masakit ang katawan; muscle pain; body aches; body pain,,,,,,
muscle-twitching,symptom,Muscle twitching,Fasciculations,Kumikibot,kumikibot; muscle twitching; twitching,,,,,,
muscle-weakness,symptom,Muscle weakness,Muscle weakness,Mahina ang kalamnan,mahina ang kalamnan; muscle weakness,,,,,,
nausea,symptom,Nausea,Nausea,Nasusuka,nasusuka; naduduwal; nausea; feel like vomiting,,,,,,
near-fainting,symptom,Near fainting,Presyncope,Parang mawawalan ng malay,parang mawawalan ng malay; near fainting; feel faint,,,,,,
neck-pain,symptom,Neck pain,Neck pain,Masakit ang leeg,masakit ang leeg; sumasakit ang leeg; neck pain,,,,,,
night-sweats,symptom,Night sweats,Night sweats,Pinagpapawisan sa gabi,pinagpapawisan sa gabi; night sweats,,,,,,
no-baby-movement,symptom,No baby movement,Absent fetal movement,Hindi gumagalaw ang bata sa tiyan,hindi gumagalaw ang bata sa tiyan; no fetal movement; no baby movement,OB / delivery,,,,,
no-pulse,symptom,No pulse,Absent pulse,Walang pulso,walang pulso; no pulse; pulseless,,,,,,
noisy-breathing,symptom,Noisy breathing,Stridor,Maingay huminga,maingay huminga; noisy breathing; stridor,Oxygen / airway,,,,,
nosebleed,symptom,Nosebleed,Epistaxis,Dumudugo ang ilong,dumudugo ang ilong; nosebleed; nose bleeding,Haemostasis,,,,,
not-eating,symptom,Not eating,Poor intake,Ayaw kumain,ayaw kumain; not eating; refuses to eat,,,,,,
not-moving,symptom,Not moving,Immobile,Hindi gumagalaw,hindi gumagalaw; not moving; does not move,,,,,,
not-responding-to-name,symptom,Not responding to name,Unresponsive to voice,Hindi tumutugon,hindi tumutugon; not responding to voice; does not respond,,,,,,
not-waking-up,symptom,Not waking up,Unarousable,Hindi magising,hindi magising; di magising; not waking up; cannot be woken,Neuro obs; Glucose check,,,,,
numbness,symptom,Numbness,Numbness,Namamanhid,namamanhid; manhid; numbness; numb,,,,,,
open-wound,symptom,Open wound,Open wound,Bukas na sugat,bukas na sugat; open wound,Suturing,,,,,
overdosed-on-pills,symptom,Overdosed on pills,Pill overdose,Sobrang daming nainom na gamot,nakainom ng maraming gamot; uminom ng maraming tableta; overdosed on pills; took too many pills,Poison control / toxicology,,,,,
pain-behind-the-eyes,symptom,Pain behind the eyes,Retro-orbital pain,Masakit sa likod ng mata,masakit sa likod ng mata; pain behind the eyes,,,,,,
pain-on-breathing,symptom,Pain on breathing,Pleuritic pain,Masakit kapag humihinga,masakit kapag huminga; masakit kapag humihinga; pain on breathing; pain when breathing,,,,,,
pain-on-movement,symptom,Pain on movement,Pain on motion,Masakit kapag gumagalaw,masakit kapag gumagalaw; masakit gumalaw; pain on movement,,,,,,
pain-spreading-to-arm,symptom,Pain spreading to arm,Radiating pain,Kumakalat ang sakit sa braso,kumakalat ang sakit sa braso; pain radiating to arm; pain spreading to arm,ECG / cardiology; Cardiac monitor,,,,,
pain-spreading-to-jaw,symptom,Pain spreading to jaw,Radiating jaw pain,Kumakalat ang sakit sa panga,kumakalat ang sakit sa panga; pain radiating to jaw,,,,,,
painful-breast,symptom,Painful breast,Mastalgia,Masakit ang suso,masakit ang suso; breast pain,,,,,,
painful-swallowing,symptom,Painful swallowing,Odynophagia,Masakit lumunok,masakit lumunok; painful swallowing,,,,,,
painful-swelling,symptom,Painful swelling,Painful swelling,Masakit at namamaga,masakit at namamaga; painful swelling,,,,,,
painful-urination,symptom,Painful urination,Dysuria,Masakit umihi,masakit umihi; mahapdi umihi; painful urination,,,,,,
pale-limb,symptom,Pale limb,Pale limb,Maputla ang paa,maputla ang paa; pale limb,,,,,,
pale-skin,symptom,Pale skin,Pallor,Maputla,maputla; namumutla; pale; pallor,,,,,,
pale-stool,symptom,Pale stool,Acholic stool,Maputla ang dumi,maputla ang dumi; pale stool; clay colored stool,,,,,,
palpitations,symptom,Palpitations,Palpitations,Pagtibok ng puso,mabilis ang tibok ng puso; tumitibok nang mabilis; palpitations; racing heart,ECG / cardiology; Cardiac monitor,,,,,
panic,symptom,Panic,Panic,Nagpapanic,nagpapanic; nag-panic; panic; panic attack,,,,,,
paralysis,symptom,Paralysis,Paralysis,Paralisado,paralisado; paralisis; paralysis; paralyzed,,,,,,
passing-blood-in-stool,symptom,Passing blood in stool,Hematochezia,Dumudumi ng dugo,dumudumi ng dugo; passing blood in stool,Blood / OR,,,,,
passing-blood-in-urine,symptom,Passing blood in urine,Hematuria,Umiihi ng dugo,umiihi ng dugo; passing blood in urine,,,,,,
pelvic-pain,symptom,Pelvic pain,Pelvic pain,Masakit ang puson,masakit ang puson; pelvic pain; lower abdominal pain,,,,,,
poor-feeding,symptom,Poor feeding,Poor feeding,Ayaw dumede,ayaw dumede; di dumedede; hindi dumedede; hindi dumedede ang baby; not feeding; poor feeding,,,,,,
poor-urine-output,symptom,Poor urine output,Oliguria,Konti ang ihi,konti ang ihi; kaunti ang ihi; poor urine output,,,,,,
pulsing-bleeding,symptom,Pulsing bleeding,Arterial bleeding,Bumubulwak ang dugo,bumubulwak ang dugo; tumatalsik ang dugo; spurting blood; pulsing bleeding; arterial bleeding,Blood / OR; Haemostasis; Trauma team,,,,,
rapid-breathing,symptom,Rapid breathing,Tachypnea,Mabilis huminga,mabilis huminga; mabilis ang paghinga; rapid breathing; fast breathing,Oxygen / airway,,,,,
rapid-pulse,symptom,Rapid pulse,Rapid pulse,Mabilis ang pulso,mabilis ang pulso; rapid pulse; fast pulse,,,,,,
rash,symptom,Rash,Rash,Butlig,butlig; rashes; rash,,,,,,
rectal-bleeding,symptom,Rectal bleeding,Rectal bleeding,Dumudugo ang puwet,dumudugo ang puwet; rectal bleeding,,,,,,
rectal-pain,symptom,Rectal pain,Proctalgia,Masakit ang puwet,masakit ang puwet; rectal pain,,,,,,
red-eye,symptom,Red eye,Conjunctival redness,Namumula ang mata,namumula ang mata; red eye; red eyes,,,,,,
red-spots-on-skin,symptom,Red spots on skin,Petechiae,Pulang butlig sa balat,pulang butlig; pulang tuldok sa balat; red spots on skin; petechiae,,,,,,
redness,symptom,Redness,Erythema,Namumula,namumula; pamumula; redness,,,,,,
redness-on-skin,symptom,Redness on skin,Cutaneous erythema,Namumula ang balat,namumula ang balat; red skin; skin redness,,,,,,
repeated-vomiting,symptom,Repeated vomiting,Persistent vomiting,Paulit-ulit na pagsusuka,paulit-ulit na pagsusuka; repeated vomiting; persistent vomiting,IV fluids,,,,,
right-sided-abdominal-pain,symptom,Right-sided abdominal pain,RLQ pain,Masakit sa kanang bahagi ng tiyan,masakit sa kanang bahagi ng tiyan; right sided abdominal pain; right lower abdominal pain,,,,,,
ringing-in-ears,symptom,Ringing in ears,Tinnitus,Umuugong ang tainga,umuugong ang tainga; ringing in ears; tinnitus,,,,,,
runny-nose,symptom,Runny nose,Rhinorrhea,Sipon,may sipon; sipon; runny nose,,,,,,
runny-stool-in-children,symptom,Runny stool in children,Pediatric diarrhea,Nagtatae ang bata,nagtatae ang bata; child diarrhea,,,,,,
seeing-spots,symptom,Seeing spots,Floaters,May nakikitang itim na tuldok,may nakikitang itim na tuldok; seeing spots; floaters,,,,,,
seizure,symptom,Seizure,Seizure,Kinukumbulsyon,convulsion; convulsions; kinukumbulsyon; kumbulsyon; nag-seizure; nagka-seizure; nanginginig at nawalan ng malay; nangingisay; seizure,Neuro obs,,,,,
sensitivity-to-light,symptom,Sensitivity to light,Photophobia,Masakit sa mata ang ilaw,masakit sa mata ang ilaw; sensitivity to light; photophobia,,,,,,
severe-headache,symptom,Severe headache,Severe headache,Matinding sakit ng ulo,matinding sakit ng ulo; severe headache; worst headache,,,,,,
severe-headache-in-pregnancy,symptom,Severe headache in pregnancy,Pregnancy headache,Matinding sakit ng ulo habang buntis,matinding sakit ng ulo habang buntis; headache in pregnancy,OB / delivery,,,,,
severe-pain,symptom,Severe pain,Severe pain,Matinding sakit,matinding sakit; sobrang sakit; severe pain; unbearable pain,,,,,,
sharp-pain,symptom,Sharp pain,Sharp pain,Matalas na sakit,matalas na sakit; sharp pain; stabbing pain,,,,,,
shortness-of-breath,symptom,Shortness of breath,Dyspnea,Kinakapos ng hininga,kinakapos ng hininga; kinakapos sa hininga; hirap huminga; nahihirapan huminga; shortness of breath; difficulty breathing; trouble breathing,Oxygen / airway,,,,,
shoulder-pain,symptom,Shoulder pain,Shoulder pain,Masakit ang balikat,masakit ang balikat; shoulder pain,,,,,,
slow-bleeding,symptom,Slow bleeding,Oozing,Tumutulo ang dugo,tumutulo ang dugo; oozing,,,,,,
slow-breathing,symptom,Slow breathing,Bradypnea,Mabagal huminga,mabagal huminga; mabagal ang paghinga; slow breathing,,,,,,
slow-heartbeat,symptom,Slow heartbeat,Bradycardia,Mabagal ang tibok ng puso,mabagal ang tibok ng puso; slow heartbeat; slow heart rate; bradycardia,ECG / cardiology; Cardiac monitor,,,,,
slurred-speech,symptom,Slurred speech,Dysarthria,Utal magsalita,utal; nauutal; slurred speech,Stroke team / CT,,,,,
sneezing,symptom,Sneezing,Sneezing,Bumabahing,bumabahing; bumahing; sneezing,,,,,,
snoring,symptom,Snoring,Snoring,Humihilik,humihilik; hilik; snoring,,,,,,
sore-throat,symptom,Sore throat,Pharyngitis,Masakit ang lalamunan,masakit ang lalamunan; sore throat,,,,,,
spitting-blood,symptom,Spitting blood,Blood-streaked sputum,Dugo sa plema,dugo sa plema; blood in sputum; blood in phlegm,,,,,,
staring-spell,symptom,Staring spell,Absence,Nakatulala,nakatulala; staring spell; staring blankly,,,,,,
stiff-neck,symptom,Stiff neck,Neck stiffness,Naninigas ang leeg,naninigas ang leeg; stiff neck; neck stiffness,,,,,,
stiffening-of-body,symptom,Stiffening of body,Tonic posturing,Naninigas ang katawan,naninigas ang katawan; body stiffening,,,,,,
stiffness,symptom,Stiffness,Stiffness,Naninigas,naninigas; stiffness; stiff,,,,,,
stomach-cramps,symptom,Stomach cramps,Abdominal cramps,Pulikat ng tiyan,pulikat ng tiyan; stomach cramps; abdominal cramps,,,,,,
stuffy-nose,symptom,Stuffy nose,Nasal congestion,Barado ang ilong,barado ang ilong; stuffy nose; nasal congestion,,,,,,
sudden-difficulty-speaking,symptom,Sudden difficulty speaking,Acute dysarthria,Biglang hindi makapagsalita,biglang hindi makapagsalita; sudden difficulty speaking,Stroke team / CT,,,,,
sudden-loss-of-vision,symptom,Sudden loss of vision,Acute vision loss,Biglang nabulag,biglang nabulag; biglang hindi makakita; sudden loss of vision; sudden blindness,Stroke team / CT; Eye / ENT,,,,,
sudden-numbness,symptom,Sudden numbness,Acute numbness,Biglang pamamanhid,biglang pamamanhid; sudden numbness,Stroke team / CT,,,,,
sudden-pain,symptom,Sudden pain,Acute pain,Biglang sakit,biglang sakit; sudden pain,,,,,,
sudden-severe-headache,symptom,Sudden severe headache,Thunderclap headache,Biglang matinding sakit ng ulo,biglang matinding sakit ng ulo; sudden severe headache; thunderclap headache,Stroke team / CT,,,,,
sudden-weakness,symptom,Sudden weakness,Acute weakness,Biglang panghihina,biglang panghihina; sudden weakness,Stroke team / CT,,,,,
suicidal-thoughts,symptom,Suicidal thoughts,Suicidal ideation,Gustong magpakamatay,gustong magpakamatay; nag-iisip magpakamatay; suicidal; suicidal thoughts; want to die,Mental health / safety watch,,,,,
sunken-eyes,symptom,Sunken eyes,Sunken eyes,Lubog ang mata,lubog ang mata; sunken eyes,,,,,,
sunken-fontanelle,symptom,Sunken fontanelle,Sunken fontanelle,Lubog ang bunbunan,lubog ang bunbunan; sunken fontanelle,,,,,,
sweating-heavily,symptom,Sweating heavily,Profuse sweating,Pawis na pawis,pawis na pawis; sweating heavily; profuse sweating,,,,,,
swelling,symptom,Swelling,Edema,Namamaga,namamaga; pamamaga; swelling; swollen,,,,,,
swollen-belly,symptom,Swollen belly,Abdominal swelling,Namamaga ang tiyan,namamaga ang tiyan; swollen belly,,,,,,
swollen-face,symptom,Swollen face,Facial swelling,Namamaga ang mukha,namamaga ang mukha; swollen face; facial swelling,,,,,,
swollen-face-in-pregnancy,symptom,Swollen face in pregnancy,Pregnancy edema,Namamaga ang mukha habang buntis,namamaga ang mukha habang buntis,OB / delivery,,,,,
swollen-legs,symptom,Swollen legs,Leg edema,Namamaga ang binti,namamaga ang binti; swollen legs; swollen feet,,,,,,
swollen-lips-or-tongue,symptom,Swollen lips or tongue,Angioedema,Namamaga ang labi o dila,namamaga ang dila; namamaga ang labi; swollen tongue; swollen lips,,,,,,
tearing,symptom,Tearing,Epiphora,Lumuluha ang mata,lumuluha ang mata; watery eyes; tearing,,,,,,
tender-to-touch,symptom,Tender to touch,Tenderness,Masakit kapag hinawakan,masakit kapag hinawakan; tender to touch; tenderness,,,,,,
testicular-pain,symptom,Testicular pain,Testicular pain,Masakit ang bayag,masakit ang bayag; testicular pain,,,,,,
thirst,symptom,Thirst,Thirst,Uhaw,uhaw; nauuhaw; thirsty; thirst,,,,,,
threatening-to-harm-others,symptom,Threatening to harm others,Homicidal ideation,Nagbabanta na manakit,nagbabanta na manakit; gustong manakit ng iba; threatening to harm others,Mental health / safety watch,,,,,
threatening-to-harm-self,symptom,Threatening to harm self,Suicidal ideation,Nagbabanta na magpakamatay,nagbabanta na magpakamatay; threatening to kill himself; threatening to kill herself; threatening suicide,Mental health / safety watch,,,,,
throbbing-pain,symptom,Throbbing pain,Throbbing pain,Pumipintig na sakit,pumipintig; kumikirot; throbbing pain; throbbing,,,,,,
tight-throat,symptom,Tight throat,Throat tightness,Naninikip ang lalamunan,naninikip ang lalamunan; throat tightness; tight throat,,,,,,
tingling,symptom,Tingling,Paresthesia,Nangingilig,nangingilig; tingling; pins and needles,,,,,,
toothache,symptom,Toothache,Odontalgia,Masakit ang ngipin,masakit ang ngipin; sumasakit ang ngipin; toothache,,,,,,
trembling-hands,symptom,Trembling hands,Hand tremor,Nanginginig ang kamay,nanginginig ang kamay; trembling hands,,,,,,
tremor,symptom,Tremor,Tremor,Nanginginig,nanginginig ang kamay; nanginginig; tremor; shaking,,,,,,
unable-to-speak,symptom,Unable to speak,Aphasia,Hindi makapagsalita,hindi makapagsalita; hindi makapagsalita; cannot speak; unable to speak,Stroke team / CT,,,,,
unable-to-stand,symptom,Unable to stand,Unable to stand,Hindi makatayo,hindi makatayo; cannot stand; unable to stand,,,,,,
unable-to-urinate,symptom,Unable to urinate,Urinary retention,Hindi makaihi,hindi makaihi; hindi makaihi; unable to urinate; cannot urinate,,,,,,
unusual-behavior,symptom,Unusual behavior,Behavior change,Kakaiba ang kilos,kakaiba ang kilos; unusual behavior; acting strange,,,,,,
upper-abdominal-pain,symptom,Upper abdominal pain,Epigastric pain,Masakit ang boca ng tiyan,masakit ang boca ng tiyan; upper abdominal pain; epigastric pain,,,,,,
vaginal-bleeding,symptom,Vaginal bleeding,Vaginal bleeding,Dumudugo ang puki,bleeding in pregnancy; bleeding vaginally; dumudugo habang buntis; vaginal bleeding,OB / delivery,,,,,
very-drunk,symptom,Very drunk,Severe intoxication,Lasing na lasing,lasing na lasing; very drunk,,,,,,
very-sleepy,symptom,Very sleepy,Somnolence,Sobrang antok,sobrang antok; sobrang inaantok; very sleepy,,,,,,
violent-outburst,symptom,Violent outburst,Violent behavior,Nagwawala,nagwawala; nag-aamok; violent; violent outburst,Mental health / safety watch,,,,,
vomiting,symptom,Vomiting,Emesis,Nagsusuka,nagsuka; nagsusuka; sumuka; sumusuka; vomited; vomiting,,,,,,
vomiting-after-eating,symptom,Vomiting after eating,Postprandial vomiting,Sumusuka pagkatapos kumain,sumusuka pagkatapos kumain; vomiting after eating,,,,,,
vomiting-blood,symptom,Vomiting blood,Hematemesis,Nagsusuka ng dugo,nagsusuka ng dugo; sumuka ng dugo; vomiting blood; vomited blood,Blood / OR,,,,,
vomiting-with-blood,symptom,Vomiting with blood,Hematemesis,Suka na may dugo,suka na may dugo; nagsuka ng dugo; vomiting with blood; bloody vomit,Blood / OR,,,,,
warm-to-touch,symptom,Warm to touch,Warmth,Mainit sa hawak,mainit sa hawak; warm to touch,,,,,,
water-diarrhea,symptom,Water diarrhea,Watery diarrhea,Matubig na dumi,matubig na dumi; watery diarrhea; rice water stool,IV fluids; Isolation room,,,,,
weak-pulse,symptom,Weak pulse,Weak pulse,Mahina ang pulso,mahina ang pulso; weak pulse; faint pulse,,,,,,
weakness,symptom,Weakness,Asthenia,Nanghihina,nanghihina; nanlalambot; panghihina; weakness; feels weak,,,,,,
weakness-on-one-side,symptom,Weakness on one side,Hemiparesis,Hindi maigalaw ang isang bahagi ng katawan,hindi maigalaw ang isang bahagi; weakness on one side; one sided weakness,Stroke team / CT,,,,,
weight-gain,symptom,Weight gain,Weight gain,Tumataba,tumataba; tumaba; weight gain,,,,,,
weight-loss,symptom,Weight loss,Weight loss,Pumapayat,pumapayat; pumayat; weight loss; losing weight,,,,,,
wheezing,symptom,Wheezing,Wheezing,Humuhuni ang hininga,humuhuni ang hininga; wheezing; wheeze,Oxygen / airway,,,,,
yellow-eyes,symptom,Yellow eyes,Scleral icterus,Naninilaw ang mata,naninilaw ang mata; yellow eyes,,,,,,
yellow-skin,symptom,Yellow skin,Jaundice,Dilaw ang balat,dilaw ang balat; naninilaw; jaundice; yellowing,,,,,,
